[      93ms] [INFO] %cDownload the React DevTools for a better development experience: https://react.dev/link/react-devtools font-weight:bold @ http://localhost:3000/_next/static/chunks/node_modules_next_dist_f3530cac._.js:2297
[     106ms] [LOG] [HMR] connected @ http://localhost:3000/_next/static/chunks/node_modules_next_dist_f3530cac._.js:2297
[   62121ms] [ERROR] ./src/components/ranking/UserPredictionsModal.tsx:8:1
Export CHAMPION_POINTS doesn't exist in target module
   6 | import { allGroupMatches } from '@/data/matches';
   7 | import { generateBracket } from '@/lib/logic/bracket';
>  8 | import { KNOCKOUT_POINTS, GROUP_POINTS, CHAMPION_POINTS } from '@/lib/logic/scoring';
     | ^^^^^^^^^^^^^^^^^^^^^^^^^^^^^^^^^^^^^^^^^^^^^^^^^^^^^^^^^^^^^^^^^^^^^^^^^^^^^^^^^^^^^
   9 | import type { KnockoutRound } from '@/types';
  10 |
  11 | interface Props {

The export CHAMPION_POINTS was not found in module [project]/src/lib/logic/scoring.ts [app-client] (ecmascript).
Did you mean to import WINNER_POINTS?
All exports of the module are statically known (It doesn't have dynamic exports). So it's known statically that the requested export doesn't exist.

Import traces:
  Client Component Browser:
    ./src/components/ranking/UserPredictionsModal.tsx [Client Component Browser]
    ./src/components/ranking/RankingView.tsx [Client Component Browser]
    ./src/app/page.tsx [Client Component Browser]
    ./src/app/page.tsx [Server Component]

  Client Component SSR:
    ./src/components/ranking/UserPredictionsModal.tsx [Client Component SSR]
    ./src/components/ranking/RankingView.tsx [Client Component SSR]
    ./src/app/page.tsx [Client Component SSR]
    ./src/app/page.tsx [Server Component] @ http://localhost:3000/_next/static/chunks/node_modules_next_dist_f3530cac._.js:3127
[   62121ms] [ERROR] ./src/components/ranking/UserPredictionsModal.tsx:8:1
Export CHAMPION_POINTS doesn't exist in target module
   6 | import { allGroupMatches } from '@/data/matches';
   7 | import { generateBracket } from '@/lib/logic/bracket';
>  8 | import { KNOCKOUT_POINTS, GROUP_POINTS, CHAMPION_POINTS } from '@/lib/logic/scoring';
     | ^^^^^^^^^^^^^^^^^^^^^^^^^^^^^^^^^^^^^^^^^^^^^^^^^^^^^^^^^^^^^^^^^^^^^^^^^^^^^^^^^^^^^
   9 | import type { KnockoutRound } from '@/types';
  10 |
  11 | interface Props {

The export CHAMPION_POINTS was not found in module [project]/src/lib/logic/scoring.ts [app-ssr] (ecmascript).
Did you mean to import WINNER_POINTS?
All exports of the module are statically known (It doesn't have dynamic exports). So it's known statically that the requested export doesn't exist.

Import traces:
  Client Component Browser:
    ./src/components/ranking/UserPredictionsModal.tsx [Client Component Browser]
    ./src/components/ranking/RankingView.tsx [Client Component Browser]
    ./src/app/page.tsx [Client Component Browser]
    ./src/app/page.tsx [Server Component]

  Client Component SSR:
    ./src/components/ranking/UserPredictionsModal.tsx [Client Component SSR]
    ./src/components/ranking/RankingView.tsx [Client Component SSR]
    ./src/app/page.tsx [Client Component SSR]
    ./src/app/page.tsx [Server Component] @ http://localhost:3000/_next/static/chunks/node_modules_next_dist_f3530cac._.js:3127
[   62121ms] [ERROR] ./src/components/scoring/ScoringExplainer.tsx:1:1
Export CHAMPION_POINTS doesn't exist in target module
> 1 | import { CHAMPION_POINTS, GROUP_POINTS, KNOCKOUT_POINTS } from '@/lib/logic/scoring';
    | ^^^^^^^^^^^^^^^^^^^^^^^^^^^^^^^^^^^^^^^^^^^^^^^^^^^^^^^^^^^^^^^^^^^^^^^^^^^^^^^^^^^^^
  2 |
  3 | type Variant = 'full' | 'knockout-only';
  4 |

The export CHAMPION_POINTS was not found in module [project]/src/lib/logic/scoring.ts [app-client] (ecmascript).
Did you mean to import WINNER_POINTS?
All exports of the module are statically known (It doesn't have dynamic exports). So it's known statically that the requested export doesn't exist.

Import traces:
  Client Component Browser:
    ./src/components/scoring/ScoringExplainer.tsx [Client Component Browser]
    ./src/components/ranking/RankingView.tsx [Client Component Browser]
    ./src/app/page.tsx [Client Component Browser]
    ./src/app/page.tsx [Server Component]

  Client Component SSR:
    ./src/components/scoring/ScoringExplainer.tsx [Client Component SSR]
    ./src/components/ranking/RankingView.tsx [Client Component SSR]
    ./src/app/page.tsx [Client Component SSR]
    ./src/app/page.tsx [Server Component] @ http://localhost:3000/_next/static/chunks/node_modules_next_dist_f3530cac._.js:3127
[   62121ms] [ERROR] ./src/components/scoring/ScoringExplainer.tsx:1:1
Export CHAMPION_POINTS doesn't exist in target module
> 1 | import { CHAMPION_POINTS, GROUP_POINTS, KNOCKOUT_POINTS } from '@/lib/logic/scoring';
    | ^^^^^^^^^^^^^^^^^^^^^^^^^^^^^^^^^^^^^^^^^^^^^^^^^^^^^^^^^^^^^^^^^^^^^^^^^^^^^^^^^^^^^
  2 |
  3 | type Variant = 'full' | 'knockout-only';
  4 |

The export CHAMPION_POINTS was not found in module [project]/src/lib/logic/scoring.ts [app-ssr] (ecmascript).
Did you mean to import WINNER_POINTS?
All exports of the module are statically known (It doesn't have dynamic exports). So it's known statically that the requested export doesn't exist.

Import traces:
  Client Component Browser:
    ./src/components/scoring/ScoringExplainer.tsx [Client Component Browser]
    ./src/components/ranking/RankingView.tsx [Client Component Browser]
    ./src/app/page.tsx [Client Component Browser]
    ./src/app/page.tsx [Server Component]

  Client Component SSR:
    ./src/components/scoring/ScoringExplainer.tsx [Client Component SSR]
    ./src/components/ranking/RankingView.tsx [Client Component SSR]
    ./src/app/page.tsx [Client Component SSR]
    ./src/app/page.tsx [Server Component] @ http://localhost:3000/_next/static/chunks/node_modules_next_dist_f3530cac._.js:3127
[   62121ms] [ERROR] ./src/components/bracket/KnockoutMatchCard.tsx:5:1
Export KNOCKOUT_POINTS doesn't exist in target module
  3 | import { KnockoutResult, LiveMatch } from '@/types';
  4 | import { teamsByCode } from '@/data/teams';
> 5 | import { KNOCKOUT_POINTS } from '@/lib/logic/scoring';
    | ^^^^^^^^^^^^^^^^^^^^^^^^^^^^^^^^^^^^^^^^^^^^^^^^^^^^^^
  6 | import { isPlaceholder, placeholderLabel } from '@/lib/logic/bracket';
  7 |
  8 | interface Props {

The export KNOCKOUT_POINTS was not found in module [project]/src/lib/logic/scoring.ts [app-client] (ecmascript).
Did you mean to import GROUP_POINTS?
All exports of the module are statically known (It doesn't have dynamic exports). So it's known statically that the requested export doesn't exist.

Import traces:
  Client Component Browser:
    ./src/components/bracket/KnockoutMatchCard.tsx [Client Component Browser]
    ./src/components/bracket/BracketView.tsx [Client Component Browser]
    ./src/app/page.tsx [Client Component Browser]
    ./src/app/page.tsx [Server Component]

  Client Component SSR:
    ./src/components/bracket/KnockoutMatchCard.tsx [Client Component SSR]
    ./src/components/bracket/BracketView.tsx [Client Component SSR]
    ./src/app/page.tsx [Client Component SSR]
    ./src/app/page.tsx [Server Component] @ http://localhost:3000/_next/static/chunks/node_modules_next_dist_f3530cac._.js:3127
[   62122ms] [ERROR] ./src/components/bracket/KnockoutMatchCard.tsx:5:1
Export KNOCKOUT_POINTS doesn't exist in target module
  3 | import { KnockoutResult, LiveMatch } from '@/types';
  4 | import { teamsByCode } from '@/data/teams';
> 5 | import { KNOCKOUT_POINTS } from '@/lib/logic/scoring';
    | ^^^^^^^^^^^^^^^^^^^^^^^^^^^^^^^^^^^^^^^^^^^^^^^^^^^^^^
  6 | import { isPlaceholder, placeholderLabel } from '@/lib/logic/bracket';
  7 |
  8 | interface Props {

The export KNOCKOUT_POINTS was not found in module [project]/src/lib/logic/scoring.ts [app-ssr] (ecmascript).
Did you mean to import GROUP_POINTS?
All exports of the module are statically known (It doesn't have dynamic exports). So it's known statically that the requested export doesn't exist.

Import traces:
  Client Component Browser:
    ./src/components/bracket/KnockoutMatchCard.tsx [Client Component Browser]
    ./src/components/bracket/BracketView.tsx [Client Component Browser]
    ./src/app/page.tsx [Client Component Browser]
    ./src/app/page.tsx [Server Component]

  Client Component SSR:
    ./src/components/bracket/KnockoutMatchCard.tsx [Client Component SSR]
    ./src/components/bracket/BracketView.tsx [Client Component SSR]
    ./src/app/page.tsx [Client Component SSR]
    ./src/app/page.tsx [Server Component] @ http://localhost:3000/_next/static/chunks/node_modules_next_dist_f3530cac._.js:3127
[   62122ms] [ERROR] ./src/components/ranking/UserPredictionsModal.tsx:8:1
Export KNOCKOUT_POINTS doesn't exist in target module
   6 | import { allGroupMatches } from '@/data/matches';
   7 | import { generateBracket } from '@/lib/logic/bracket';
>  8 | import { KNOCKOUT_POINTS, GROUP_POINTS, CHAMPION_POINTS } from '@/lib/logic/scoring';
     | ^^^^^^^^^^^^^^^^^^^^^^^^^^^^^^^^^^^^^^^^^^^^^^^^^^^^^^^^^^^^^^^^^^^^^^^^^^^^^^^^^^^^^
   9 | import type { KnockoutRound } from '@/types';
  10 |
  11 | interface Props {

The export KNOCKOUT_POINTS was not found in module [project]/src/lib/logic/scoring.ts [app-client] (ecmascript).
Did you mean to import GROUP_POINTS?
All exports of the module are statically known (It doesn't have dynamic exports). So it's known statically that the requested export doesn't exist.

Import traces:
  Client Component Browser:
    ./src/components/ranking/UserPredictionsModal.tsx [Client Component Browser]
    ./src/components/ranking/RankingView.tsx [Client Component Browser]
    ./src/app/page.tsx [Client Component Browser]
    ./src/app/page.tsx [Server Component]

  Client Component SSR:
    ./src/components/ranking/UserPredictionsModal.tsx [Client Component SSR]
    ./src/components/ranking/RankingView.tsx [Client Component SSR]
    ./src/app/page.tsx [Client Component SSR]
    ./src/app/page.tsx [Server Component] @ http://localhost:3000/_next/static/chunks/node_modules_next_dist_f3530cac._.js:3127
[   62122ms] [ERROR] ./src/components/ranking/UserPredictionsModal.tsx:8:1
Export KNOCKOUT_POINTS doesn't exist in target module
   6 | import { allGroupMatches } from '@/data/matches';
   7 | import { generateBracket } from '@/lib/logic/bracket';
>  8 | import { KNOCKOUT_POINTS, GROUP_POINTS, CHAMPION_POINTS } from '@/lib/logic/scoring';
     | ^^^^^^^^^^^^^^^^^^^^^^^^^^^^^^^^^^^^^^^^^^^^^^^^^^^^^^^^^^^^^^^^^^^^^^^^^^^^^^^^^^^^^
   9 | import type { KnockoutRound } from '@/types';
  10 |
  11 | interface Props {

The export KNOCKOUT_POINTS was not found in module [project]/src/lib/logic/scoring.ts [app-ssr] (ecmascript).
Did you mean to import GROUP_POINTS?
All exports of the module are statically known (It doesn't have dynamic exports). So it's known statically that the requested export doesn't exist.

Import traces:
  Client Component Browser:
    ./src/components/ranking/UserPredictionsModal.tsx [Client Component Browser]
    ./src/components/ranking/RankingView.tsx [Client Component Browser]
    ./src/app/page.tsx [Client Component Browser]
    ./src/app/page.tsx [Server Component]

  Client Component SSR:
    ./src/components/ranking/UserPredictionsModal.tsx [Client Component SSR]
    ./src/components/ranking/RankingView.tsx [Client Component SSR]
    ./src/app/page.tsx [Client Component SSR]
    ./src/app/page.tsx [Server Component] @ http://localhost:3000/_next/static/chunks/node_modules_next_dist_f3530cac._.js:3127
[   62122ms] [ERROR] ./src/components/scoring/ScoringExplainer.tsx:1:1
Export KNOCKOUT_POINTS doesn't exist in target module
> 1 | import { CHAMPION_POINTS, GROUP_POINTS, KNOCKOUT_POINTS } from '@/lib/logic/scoring';
    | ^^^^^^^^^^^^^^^^^^^^^^^^^^^^^^^^^^^^^^^^^^^^^^^^^^^^^^^^^^^^^^^^^^^^^^^^^^^^^^^^^^^^^
  2 |
  3 | type Variant = 'full' | 'knockout-only';
  4 |

The export KNOCKOUT_POINTS was not found in module [project]/src/lib/logic/scoring.ts [app-client] (ecmascript).
Did you mean to import GROUP_POINTS?
All exports of the module are statically known (It doesn't have dynamic exports). So it's known statically that the requested export doesn't exist.

Import traces:
  Client Component Browser:
    ./src/components/scoring/ScoringExplainer.tsx [Client Component Browser]
    ./src/components/ranking/RankingView.tsx [Client Component Browser]
    ./src/app/page.tsx [Client Component Browser]
    ./src/app/page.tsx [Server Component]

  Client Component SSR:
    ./src/components/scoring/ScoringExplainer.tsx [Client Component SSR]
    ./src/components/ranking/RankingView.tsx [Client Component SSR]
    ./src/app/page.tsx [Client Component SSR]
    ./src/app/page.tsx [Server Component] @ http://localhost:3000/_next/static/chunks/node_modules_next_dist_f3530cac._.js:3127
[   62122ms] [ERROR] ./src/components/scoring/ScoringExplainer.tsx:1:1
Export KNOCKOUT_POINTS doesn't exist in target module
> 1 | import { CHAMPION_POINTS, GROUP_POINTS, KNOCKOUT_POINTS } from '@/lib/logic/scoring';
    | ^^^^^^^^^^^^^^^^^^^^^^^^^^^^^^^^^^^^^^^^^^^^^^^^^^^^^^^^^^^^^^^^^^^^^^^^^^^^^^^^^^^^^
  2 |
  3 | type Variant = 'full' | 'knockout-only';
  4 |

The export KNOCKOUT_POINTS was not found in module [project]/src/lib/logic/scoring.ts [app-ssr] (ecmascript).
Did you mean to import GROUP_POINTS?
All exports of the module are statically known (It doesn't have dynamic exports). So it's known statically that the requested export doesn't exist.

Import traces:
  Client Component Browser:
    ./src/components/scoring/ScoringExplainer.tsx [Client Component Browser]
    ./src/components/ranking/RankingView.tsx [Client Component Browser]
    ./src/app/page.tsx [Client Component Browser]
    ./src/app/page.tsx [Server Component]

  Client Component SSR:
    ./src/components/scoring/ScoringExplainer.tsx [Client Component SSR]
    ./src/components/ranking/RankingView.tsx [Client Component SSR]
    ./src/app/page.tsx [Client Component SSR]
    ./src/app/page.tsx [Server Component] @ http://localhost:3000/_next/static/chunks/node_modules_next_dist_f3530cac._.js:3127
[   62140ms] [LOG] [Fast Refresh] rebuilding @ http://localhost:3000/_next/static/chunks/node_modules_next_dist_f3530cac._.js:2297
[   82089ms] [ERROR] ./src/components/ranking/UserPredictionsModal.tsx:8:1
Export CHAMPION_POINTS doesn't exist in target module
   6 | import { allGroupMatches } from '@/data/matches';
   7 | import { generateBracket } from '@/lib/logic/bracket';
>  8 | import { KNOCKOUT_POINTS, GROUP_POINTS, CHAMPION_POINTS } from '@/lib/logic/scoring';
     | ^^^^^^^^^^^^^^^^^^^^^^^^^^^^^^^^^^^^^^^^^^^^^^^^^^^^^^^^^^^^^^^^^^^^^^^^^^^^^^^^^^^^^
   9 | import type { KnockoutRound } from '@/types';
  10 |
  11 | interface Props {

The export CHAMPION_POINTS was not found in module [project]/src/lib/logic/scoring.ts [app-client] (ecmascript).
Did you mean to import WINNER_POINTS?
All exports of the module are statically known (It doesn't have dynamic exports). So it's known statically that the requested export doesn't exist.

Import traces:
  Client Component Browser:
    ./src/components/ranking/UserPredictionsModal.tsx [Client Component Browser]
    ./src/components/ranking/RankingView.tsx [Client Component Browser]
    ./src/app/page.tsx [Client Component Browser]
    ./src/app/page.tsx [Server Component]

  Client Component SSR:
    ./src/components/ranking/UserPredictionsModal.tsx [Client Component SSR]
    ./src/components/ranking/RankingView.tsx [Client Component SSR]
    ./src/app/page.tsx [Client Component SSR]
    ./src/app/page.tsx [Server Component] @ http://localhost:3000/_next/static/chunks/node_modules_next_dist_f3530cac._.js:3127
[   82090ms] [ERROR] ./src/components/ranking/UserPredictionsModal.tsx:8:1
Export CHAMPION_POINTS doesn't exist in target module
   6 | import { allGroupMatches } from '@/data/matches';
   7 | import { generateBracket } from '@/lib/logic/bracket';
>  8 | import { KNOCKOUT_POINTS, GROUP_POINTS, CHAMPION_POINTS } from '@/lib/logic/scoring';
     | ^^^^^^^^^^^^^^^^^^^^^^^^^^^^^^^^^^^^^^^^^^^^^^^^^^^^^^^^^^^^^^^^^^^^^^^^^^^^^^^^^^^^^
   9 | import type { KnockoutRound } from '@/types';
  10 |
  11 | interface Props {

The export CHAMPION_POINTS was not found in module [project]/src/lib/logic/scoring.ts [app-ssr] (ecmascript).
Did you mean to import WINNER_POINTS?
All exports of the module are statically known (It doesn't have dynamic exports). So it's known statically that the requested export doesn't exist.

Import traces:
  Client Component Browser:
    ./src/components/ranking/UserPredictionsModal.tsx [Client Component Browser]
    ./src/components/ranking/RankingView.tsx [Client Component Browser]
    ./src/app/page.tsx [Client Component Browser]
    ./src/app/page.tsx [Server Component]

  Client Component SSR:
    ./src/components/ranking/UserPredictionsModal.tsx [Client Component SSR]
    ./src/components/ranking/RankingView.tsx [Client Component SSR]
    ./src/app/page.tsx [Client Component SSR]
    ./src/app/page.tsx [Server Component] @ http://localhost:3000/_next/static/chunks/node_modules_next_dist_f3530cac._.js:3127
[   82090ms] [ERROR] ./src/components/scoring/ScoringExplainer.tsx:1:1
Export CHAMPION_POINTS doesn't exist in target module
> 1 | import { CHAMPION_POINTS, GROUP_POINTS, KNOCKOUT_POINTS } from '@/lib/logic/scoring';
    | ^^^^^^^^^^^^^^^^^^^^^^^^^^^^^^^^^^^^^^^^^^^^^^^^^^^^^^^^^^^^^^^^^^^^^^^^^^^^^^^^^^^^^
  2 |
  3 | type Variant = 'full' | 'knockout-only';
  4 |

The export CHAMPION_POINTS was not found in module [project]/src/lib/logic/scoring.ts [app-client] (ecmascript).
Did you mean to import WINNER_POINTS?
All exports of the module are statically known (It doesn't have dynamic exports). So it's known statically that the requested export doesn't exist.

Import traces:
  Client Component Browser:
    ./src/components/scoring/ScoringExplainer.tsx [Client Component Browser]
    ./src/components/ranking/RankingView.tsx [Client Component Browser]
    ./src/app/page.tsx [Client Component Browser]
    ./src/app/page.tsx [Server Component]

  Client Component SSR:
    ./src/components/scoring/ScoringExplainer.tsx [Client Component SSR]
    ./src/components/ranking/RankingView.tsx [Client Component SSR]
    ./src/app/page.tsx [Client Component SSR]
    ./src/app/page.tsx [Server Component] @ http://localhost:3000/_next/static/chunks/node_modules_next_dist_f3530cac._.js:3127
[   82090ms] [ERROR] ./src/components/scoring/ScoringExplainer.tsx:1:1
Export CHAMPION_POINTS doesn't exist in target module
> 1 | import { CHAMPION_POINTS, GROUP_POINTS, KNOCKOUT_POINTS } from '@/lib/logic/scoring';
    | ^^^^^^^^^^^^^^^^^^^^^^^^^^^^^^^^^^^^^^^^^^^^^^^^^^^^^^^^^^^^^^^^^^^^^^^^^^^^^^^^^^^^^
  2 |
  3 | type Variant = 'full' | 'knockout-only';
  4 |

The export CHAMPION_POINTS was not found in module [project]/src/lib/logic/scoring.ts [app-ssr] (ecmascript).
Did you mean to import WINNER_POINTS?
All exports of the module are statically known (It doesn't have dynamic exports). So it's known statically that the requested export doesn't exist.

Import traces:
  Client Component Browser:
    ./src/components/scoring/ScoringExplainer.tsx [Client Component Browser]
    ./src/components/ranking/RankingView.tsx [Client Component Browser]
    ./src/app/page.tsx [Client Component Browser]
    ./src/app/page.tsx [Server Component]

  Client Component SSR:
    ./src/components/scoring/ScoringExplainer.tsx [Client Component SSR]
    ./src/components/ranking/RankingView.tsx [Client Component SSR]
    ./src/app/page.tsx [Client Component SSR]
    ./src/app/page.tsx [Server Component] @ http://localhost:3000/_next/static/chunks/node_modules_next_dist_f3530cac._.js:3127
[   82090ms] [ERROR] ./src/components/bracket/KnockoutMatchCard.tsx:5:1
Export KNOCKOUT_POINTS doesn't exist in target module
  3 | import { KnockoutResult, LiveMatch } from '@/types';
  4 | import { teamsByCode } from '@/data/teams';
> 5 | import { KNOCKOUT_POINTS } from '@/lib/logic/scoring';
    | ^^^^^^^^^^^^^^^^^^^^^^^^^^^^^^^^^^^^^^^^^^^^^^^^^^^^^^
  6 | import { isPlaceholder, placeholderLabel } from '@/lib/logic/bracket';
  7 |
  8 | interface Props {

The export KNOCKOUT_POINTS was not found in module [project]/src/lib/logic/scoring.ts [app-client] (ecmascript).
Did you mean to import GROUP_POINTS?
All exports of the module are statically known (It doesn't have dynamic exports). So it's known statically that the requested export doesn't exist.

Import traces:
  Client Component Browser:
    ./src/components/bracket/KnockoutMatchCard.tsx [Client Component Browser]
    ./src/components/bracket/BracketView.tsx [Client Component Browser]
    ./src/app/page.tsx [Client Component Browser]
    ./src/app/page.tsx [Server Component]

  Client Component SSR:
    ./src/components/bracket/KnockoutMatchCard.tsx [Client Component SSR]
    ./src/components/bracket/BracketView.tsx [Client Component SSR]
    ./src/app/page.tsx [Client Component SSR]
    ./src/app/page.tsx [Server Component] @ http://localhost:3000/_next/static/chunks/node_modules_next_dist_f3530cac._.js:3127
[   82090ms] [ERROR] ./src/components/bracket/KnockoutMatchCard.tsx:5:1
Export KNOCKOUT_POINTS doesn't exist in target module
  3 | import { KnockoutResult, LiveMatch } from '@/types';
  4 | import { teamsByCode } from '@/data/teams';
> 5 | import { KNOCKOUT_POINTS } from '@/lib/logic/scoring';
    | ^^^^^^^^^^^^^^^^^^^^^^^^^^^^^^^^^^^^^^^^^^^^^^^^^^^^^^
  6 | import { isPlaceholder, placeholderLabel } from '@/lib/logic/bracket';
  7 |
  8 | interface Props {

The export KNOCKOUT_POINTS was not found in module [project]/src/lib/logic/scoring.ts [app-ssr] (ecmascript).
Did you mean to import GROUP_POINTS?
All exports of the module are statically known (It doesn't have dynamic exports). So it's known statically that the requested export doesn't exist.

Import traces:
  Client Component Browser:
    ./src/components/bracket/KnockoutMatchCard.tsx [Client Component Browser]
    ./src/components/bracket/BracketView.tsx [Client Component Browser]
    ./src/app/page.tsx [Client Component Browser]
    ./src/app/page.tsx [Server Component]

  Client Component SSR:
    ./src/components/bracket/KnockoutMatchCard.tsx [Client Component SSR]
    ./src/components/bracket/BracketView.tsx [Client Component SSR]
    ./src/app/page.tsx [Client Component SSR]
    ./src/app/page.tsx [Server Component] @ http://localhost:3000/_next/static/chunks/node_modules_next_dist_f3530cac._.js:3127
[   82090ms] [ERROR] ./src/components/ranking/UserPredictionsModal.tsx:8:1
Export KNOCKOUT_POINTS doesn't exist in target module
   6 | import { allGroupMatches } from '@/data/matches';
   7 | import { generateBracket } from '@/lib/logic/bracket';
>  8 | import { KNOCKOUT_POINTS, GROUP_POINTS, CHAMPION_POINTS } from '@/lib/logic/scoring';
     | ^^^^^^^^^^^^^^^^^^^^^^^^^^^^^^^^^^^^^^^^^^^^^^^^^^^^^^^^^^^^^^^^^^^^^^^^^^^^^^^^^^^^^
   9 | import type { KnockoutRound } from '@/types';
  10 |
  11 | interface Props {

The export KNOCKOUT_POINTS was not found in module [project]/src/lib/logic/scoring.ts [app-client] (ecmascript).
Did you mean to import GROUP_POINTS?
All exports of the module are statically known (It doesn't have dynamic exports). So it's known statically that the requested export doesn't exist.

Import traces:
  Client Component Browser:
    ./src/components/ranking/UserPredictionsModal.tsx [Client Component Browser]
    ./src/components/ranking/RankingView.tsx [Client Component Browser]
    ./src/app/page.tsx [Client Component Browser]
    ./src/app/page.tsx [Server Component]

  Client Component SSR:
    ./src/components/ranking/UserPredictionsModal.tsx [Client Component SSR]
    ./src/components/ranking/RankingView.tsx [Client Component SSR]
    ./src/app/page.tsx [Client Component SSR]
    ./src/app/page.tsx [Server Component] @ http://localhost:3000/_next/static/chunks/node_modules_next_dist_f3530cac._.js:3127
[   82090ms] [ERROR] ./src/components/ranking/UserPredictionsModal.tsx:8:1
Export KNOCKOUT_POINTS doesn't exist in target module
   6 | import { allGroupMatches } from '@/data/matches';
   7 | import { generateBracket } from '@/lib/logic/bracket';
>  8 | import { KNOCKOUT_POINTS, GROUP_POINTS, CHAMPION_POINTS } from '@/lib/logic/scoring';
     | ^^^^^^^^^^^^^^^^^^^^^^^^^^^^^^^^^^^^^^^^^^^^^^^^^^^^^^^^^^^^^^^^^^^^^^^^^^^^^^^^^^^^^
   9 | import type { KnockoutRound } from '@/types';
  10 |
  11 | interface Props {

The export KNOCKOUT_POINTS was not found in module [project]/src/lib/logic/scoring.ts [app-ssr] (ecmascript).
Did you mean to import GROUP_POINTS?
All exports of the module are statically known (It doesn't have dynamic exports). So it's known statically that the requested export doesn't exist.

Import traces:
  Client Component Browser:
    ./src/components/ranking/UserPredictionsModal.tsx [Client Component Browser]
    ./src/components/ranking/RankingView.tsx [Client Component Browser]
    ./src/app/page.tsx [Client Component Browser]
    ./src/app/page.tsx [Server Component]

  Client Component SSR:
    ./src/components/ranking/UserPredictionsModal.tsx [Client Component SSR]
    ./src/components/ranking/RankingView.tsx [Client Component SSR]
    ./src/app/page.tsx [Client Component SSR]
    ./src/app/page.tsx [Server Component] @ http://localhost:3000/_next/static/chunks/node_modules_next_dist_f3530cac._.js:3127
[   82090ms] [ERROR] ./src/components/scoring/ScoringExplainer.tsx:1:1
Export KNOCKOUT_POINTS doesn't exist in target module
> 1 | import { CHAMPION_POINTS, GROUP_POINTS, KNOCKOUT_POINTS } from '@/lib/logic/scoring';
    | ^^^^^^^^^^^^^^^^^^^^^^^^^^^^^^^^^^^^^^^^^^^^^^^^^^^^^^^^^^^^^^^^^^^^^^^^^^^^^^^^^^^^^
  2 |
  3 | type Variant = 'full' | 'knockout-only';
  4 |

The export KNOCKOUT_POINTS was not found in module [project]/src/lib/logic/scoring.ts [app-client] (ecmascript).
Did you mean to import GROUP_POINTS?
All exports of the module are statically known (It doesn't have dynamic exports). So it's known statically that the requested export doesn't exist.

Import traces:
  Client Component Browser:
    ./src/components/scoring/ScoringExplainer.tsx [Client Component Browser]
    ./src/components/ranking/RankingView.tsx [Client Component Browser]
    ./src/app/page.tsx [Client Component Browser]
    ./src/app/page.tsx [Server Component]

  Client Component SSR:
    ./src/components/scoring/ScoringExplainer.tsx [Client Component SSR]
    ./src/components/ranking/RankingView.tsx [Client Component SSR]
    ./src/app/page.tsx [Client Component SSR]
    ./src/app/page.tsx [Server Component] @ http://localhost:3000/_next/static/chunks/node_modules_next_dist_f3530cac._.js:3127
[   82090ms] [ERROR] ./src/components/scoring/ScoringExplainer.tsx:1:1
Export KNOCKOUT_POINTS doesn't exist in target module
> 1 | import { CHAMPION_POINTS, GROUP_POINTS, KNOCKOUT_POINTS } from '@/lib/logic/scoring';
    | ^^^^^^^^^^^^^^^^^^^^^^^^^^^^^^^^^^^^^^^^^^^^^^^^^^^^^^^^^^^^^^^^^^^^^^^^^^^^^^^^^^^^^
  2 |
  3 | type Variant = 'full' | 'knockout-only';
  4 |

The export KNOCKOUT_POINTS was not found in module [project]/src/lib/logic/scoring.ts [app-ssr] (ecmascript).
Did you mean to import GROUP_POINTS?
All exports of the module are statically known (It doesn't have dynamic exports). So it's known statically that the requested export doesn't exist.

Import traces:
  Client Component Browser:
    ./src/components/scoring/ScoringExplainer.tsx [Client Component Browser]
    ./src/components/ranking/RankingView.tsx [Client Component Browser]
    ./src/app/page.tsx [Client Component Browser]
    ./src/app/page.tsx [Server Component]

  Client Component SSR:
    ./src/components/scoring/ScoringExplainer.tsx [Client Component SSR]
    ./src/components/ranking/RankingView.tsx [Client Component SSR]
    ./src/app/page.tsx [Client Component SSR]
    ./src/app/page.tsx [Server Component] @ http://localhost:3000/_next/static/chunks/node_modules_next_dist_f3530cac._.js:3127
[   82129ms] [LOG] [Fast Refresh] rebuilding @ http://localhost:3000/_next/static/chunks/node_modules_next_dist_f3530cac._.js:2297
[   90850ms] [ERROR] ./src/components/ranking/UserPredictionsModal.tsx:8:1
Export CHAMPION_POINTS doesn't exist in target module
   6 | import { allGroupMatches } from '@/data/matches';
   7 | import { generateBracket } from '@/lib/logic/bracket';
>  8 | import { KNOCKOUT_POINTS, GROUP_POINTS, CHAMPION_POINTS } from '@/lib/logic/scoring';
     | ^^^^^^^^^^^^^^^^^^^^^^^^^^^^^^^^^^^^^^^^^^^^^^^^^^^^^^^^^^^^^^^^^^^^^^^^^^^^^^^^^^^^^
   9 | import type { KnockoutRound } from '@/types';
  10 |
  11 | interface Props {

The export CHAMPION_POINTS was not found in module [project]/src/lib/logic/scoring.ts [app-client] (ecmascript).
Did you mean to import WINNER_POINTS?
All exports of the module are statically known (It doesn't have dynamic exports). So it's known statically that the requested export doesn't exist.

Import traces:
  Client Component Browser:
    ./src/components/ranking/UserPredictionsModal.tsx [Client Component Browser]
    ./src/components/ranking/RankingView.tsx [Client Component Browser]
    ./src/app/page.tsx [Client Component Browser]
    ./src/app/page.tsx [Server Component]

  Client Component SSR:
    ./src/components/ranking/UserPredictionsModal.tsx [Client Component SSR]
    ./src/components/ranking/RankingView.tsx [Client Component SSR]
    ./src/app/page.tsx [Client Component SSR]
    ./src/app/page.tsx [Server Component] @ http://localhost:3000/_next/static/chunks/node_modules_next_dist_f3530cac._.js:3127
[   90851ms] [ERROR] ./src/components/ranking/UserPredictionsModal.tsx:8:1
Export CHAMPION_POINTS doesn't exist in target module
   6 | import { allGroupMatches } from '@/data/matches';
   7 | import { generateBracket } from '@/lib/logic/bracket';
>  8 | import { KNOCKOUT_POINTS, GROUP_POINTS, CHAMPION_POINTS } from '@/lib/logic/scoring';
     | ^^^^^^^^^^^^^^^^^^^^^^^^^^^^^^^^^^^^^^^^^^^^^^^^^^^^^^^^^^^^^^^^^^^^^^^^^^^^^^^^^^^^^
   9 | import type { KnockoutRound } from '@/types';
  10 |
  11 | interface Props {

The export CHAMPION_POINTS was not found in module [project]/src/lib/logic/scoring.ts [app-ssr] (ecmascript).
Did you mean to import WINNER_POINTS?
All exports of the module are statically known (It doesn't have dynamic exports). So it's known statically that the requested export doesn't exist.

Import traces:
  Client Component Browser:
    ./src/components/ranking/UserPredictionsModal.tsx [Client Component Browser]
    ./src/components/ranking/RankingView.tsx [Client Component Browser]
    ./src/app/page.tsx [Client Component Browser]
    ./src/app/page.tsx [Server Component]

  Client Component SSR:
    ./src/components/ranking/UserPredictionsModal.tsx [Client Component SSR]
    ./src/components/ranking/RankingView.tsx [Client Component SSR]
    ./src/app/page.tsx [Client Component SSR]
    ./src/app/page.tsx [Server Component] @ http://localhost:3000/_next/static/chunks/node_modules_next_dist_f3530cac._.js:3127
[   90851ms] [ERROR] ./src/components/scoring/ScoringExplainer.tsx:1:1
Export CHAMPION_POINTS doesn't exist in target module
> 1 | import { CHAMPION_POINTS, GROUP_POINTS, KNOCKOUT_POINTS } from '@/lib/logic/scoring';
    | ^^^^^^^^^^^^^^^^^^^^^^^^^^^^^^^^^^^^^^^^^^^^^^^^^^^^^^^^^^^^^^^^^^^^^^^^^^^^^^^^^^^^^
  2 |
  3 | type Variant = 'full' | 'knockout-only';
  4 |

The export CHAMPION_POINTS was not found in module [project]/src/lib/logic/scoring.ts [app-client] (ecmascript).
Did you mean to import WINNER_POINTS?
All exports of the module are statically known (It doesn't have dynamic exports). So it's known statically that the requested export doesn't exist.

Import traces:
  Client Component Browser:
    ./src/components/scoring/ScoringExplainer.tsx [Client Component Browser]
    ./src/components/ranking/RankingView.tsx [Client Component Browser]
    ./src/app/page.tsx [Client Component Browser]
    ./src/app/page.tsx [Server Component]

  Client Component SSR:
    ./src/components/scoring/ScoringExplainer.tsx [Client Component SSR]
    ./src/components/ranking/RankingView.tsx [Client Component SSR]
    ./src/app/page.tsx [Client Component SSR]
    ./src/app/page.tsx [Server Component] @ http://localhost:3000/_next/static/chunks/node_modules_next_dist_f3530cac._.js:3127
[   90851ms] [ERROR] ./src/components/scoring/ScoringExplainer.tsx:1:1
Export CHAMPION_POINTS doesn't exist in target module
> 1 | import { CHAMPION_POINTS, GROUP_POINTS, KNOCKOUT_POINTS } from '@/lib/logic/scoring';
    | ^^^^^^^^^^^^^^^^^^^^^^^^^^^^^^^^^^^^^^^^^^^^^^^^^^^^^^^^^^^^^^^^^^^^^^^^^^^^^^^^^^^^^
  2 |
  3 | type Variant = 'full' | 'knockout-only';
  4 |

The export CHAMPION_POINTS was not found in module [project]/src/lib/logic/scoring.ts [app-ssr] (ecmascript).
Did you mean to import WINNER_POINTS?
All exports of the module are statically known (It doesn't have dynamic exports). So it's known statically that the requested export doesn't exist.

Import traces:
  Client Component Browser:
    ./src/components/scoring/ScoringExplainer.tsx [Client Component Browser]
    ./src/components/ranking/RankingView.tsx [Client Component Browser]
    ./src/app/page.tsx [Client Component Browser]
    ./src/app/page.tsx [Server Component]

  Client Component SSR:
    ./src/components/scoring/ScoringExplainer.tsx [Client Component SSR]
    ./src/components/ranking/RankingView.tsx [Client Component SSR]
    ./src/app/page.tsx [Client Component SSR]
    ./src/app/page.tsx [Server Component] @ http://localhost:3000/_next/static/chunks/node_modules_next_dist_f3530cac._.js:3127
[   90851ms] [ERROR] ./src/components/bracket/KnockoutMatchCard.tsx:5:1
Export KNOCKOUT_POINTS doesn't exist in target module
  3 | import { KnockoutResult, LiveMatch } from '@/types';
  4 | import { teamsByCode } from '@/data/teams';
> 5 | import { KNOCKOUT_POINTS } from '@/lib/logic/scoring';
    | ^^^^^^^^^^^^^^^^^^^^^^^^^^^^^^^^^^^^^^^^^^^^^^^^^^^^^^
  6 | import { isPlaceholder, placeholderLabel } from '@/lib/logic/bracket';
  7 |
  8 | interface Props {

The export KNOCKOUT_POINTS was not found in module [project]/src/lib/logic/scoring.ts [app-client] (ecmascript).
Did you mean to import GROUP_POINTS?
All exports of the module are statically known (It doesn't have dynamic exports). So it's known statically that the requested export doesn't exist.

Import traces:
  Client Component Browser:
    ./src/components/bracket/KnockoutMatchCard.tsx [Client Component Browser]
    ./src/components/bracket/BracketView.tsx [Client Component Browser]
    ./src/app/page.tsx [Client Component Browser]
    ./src/app/page.tsx [Server Component]

  Client Component SSR:
    ./src/components/bracket/KnockoutMatchCard.tsx [Client Component SSR]
    ./src/components/bracket/BracketView.tsx [Client Component SSR]
    ./src/app/page.tsx [Client Component SSR]
    ./src/app/page.tsx [Server Component] @ http://localhost:3000/_next/static/chunks/node_modules_next_dist_f3530cac._.js:3127
[   90851ms] [ERROR] ./src/components/bracket/KnockoutMatchCard.tsx:5:1
Export KNOCKOUT_POINTS doesn't exist in target module
  3 | import { KnockoutResult, LiveMatch } from '@/types';
  4 | import { teamsByCode } from '@/data/teams';
> 5 | import { KNOCKOUT_POINTS } from '@/lib/logic/scoring';
    | ^^^^^^^^^^^^^^^^^^^^^^^^^^^^^^^^^^^^^^^^^^^^^^^^^^^^^^
  6 | import { isPlaceholder, placeholderLabel } from '@/lib/logic/bracket';
  7 |
  8 | interface Props {

The export KNOCKOUT_POINTS was not found in module [project]/src/lib/logic/scoring.ts [app-ssr] (ecmascript).
Did you mean to import GROUP_POINTS?
All exports of the module are statically known (It doesn't have dynamic exports). So it's known statically that the requested export doesn't exist.

Import traces:
  Client Component Browser:
    ./src/components/bracket/KnockoutMatchCard.tsx [Client Component Browser]
    ./src/components/bracket/BracketView.tsx [Client Component Browser]
    ./src/app/page.tsx [Client Component Browser]
    ./src/app/page.tsx [Server Component]

  Client Component SSR:
    ./src/components/bracket/KnockoutMatchCard.tsx [Client Component SSR]
    ./src/components/bracket/BracketView.tsx [Client Component SSR]
    ./src/app/page.tsx [Client Component SSR]
    ./src/app/page.tsx [Server Component] @ http://localhost:3000/_next/static/chunks/node_modules_next_dist_f3530cac._.js:3127
[   90851ms] [ERROR] ./src/components/ranking/UserPredictionsModal.tsx:8:1
Export KNOCKOUT_POINTS doesn't exist in target module
   6 | import { allGroupMatches } from '@/data/matches';
   7 | import { generateBracket } from '@/lib/logic/bracket';
>  8 | import { KNOCKOUT_POINTS, GROUP_POINTS, CHAMPION_POINTS } from '@/lib/logic/scoring';
     | ^^^^^^^^^^^^^^^^^^^^^^^^^^^^^^^^^^^^^^^^^^^^^^^^^^^^^^^^^^^^^^^^^^^^^^^^^^^^^^^^^^^^^
   9 | import type { KnockoutRound } from '@/types';
  10 |
  11 | interface Props {

The export KNOCKOUT_POINTS was not found in module [project]/src/lib/logic/scoring.ts [app-client] (ecmascript).
Did you mean to import GROUP_POINTS?
All exports of the module are statically known (It doesn't have dynamic exports). So it's known statically that the requested export doesn't exist.

Import traces:
  Client Component Browser:
    ./src/components/ranking/UserPredictionsModal.tsx [Client Component Browser]
    ./src/components/ranking/RankingView.tsx [Client Component Browser]
    ./src/app/page.tsx [Client Component Browser]
    ./src/app/page.tsx [Server Component]

  Client Component SSR:
    ./src/components/ranking/UserPredictionsModal.tsx [Client Component SSR]
    ./src/components/ranking/RankingView.tsx [Client Component SSR]
    ./src/app/page.tsx [Client Component SSR]
    ./src/app/page.tsx [Server Component] @ http://localhost:3000/_next/static/chunks/node_modules_next_dist_f3530cac._.js:3127
[   90851ms] [ERROR] ./src/components/ranking/UserPredictionsModal.tsx:8:1
Export KNOCKOUT_POINTS doesn't exist in target module
   6 | import { allGroupMatches } from '@/data/matches';
   7 | import { generateBracket } from '@/lib/logic/bracket';
>  8 | import { KNOCKOUT_POINTS, GROUP_POINTS, CHAMPION_POINTS } from '@/lib/logic/scoring';
     | ^^^^^^^^^^^^^^^^^^^^^^^^^^^^^^^^^^^^^^^^^^^^^^^^^^^^^^^^^^^^^^^^^^^^^^^^^^^^^^^^^^^^^
   9 | import type { KnockoutRound } from '@/types';
  10 |
  11 | interface Props {

The export KNOCKOUT_POINTS was not found in module [project]/src/lib/logic/scoring.ts [app-ssr] (ecmascript).
Did you mean to import GROUP_POINTS?
All exports of the module are statically known (It doesn't have dynamic exports). So it's known statically that the requested export doesn't exist.

Import traces:
  Client Component Browser:
    ./src/components/ranking/UserPredictionsModal.tsx [Client Component Browser]
    ./src/components/ranking/RankingView.tsx [Client Component Browser]
    ./src/app/page.tsx [Client Component Browser]
    ./src/app/page.tsx [Server Component]

  Client Component SSR:
    ./src/components/ranking/UserPredictionsModal.tsx [Client Component SSR]
    ./src/components/ranking/RankingView.tsx [Client Component SSR]
    ./src/app/page.tsx [Client Component SSR]
    ./src/app/page.tsx [Server Component] @ http://localhost:3000/_next/static/chunks/node_modules_next_dist_f3530cac._.js:3127
[   90851ms] [ERROR] ./src/components/scoring/ScoringExplainer.tsx:1:1
Export KNOCKOUT_POINTS doesn't exist in target module
> 1 | import { CHAMPION_POINTS, GROUP_POINTS, KNOCKOUT_POINTS } from '@/lib/logic/scoring';
    | ^^^^^^^^^^^^^^^^^^^^^^^^^^^^^^^^^^^^^^^^^^^^^^^^^^^^^^^^^^^^^^^^^^^^^^^^^^^^^^^^^^^^^
  2 |
  3 | type Variant = 'full' | 'knockout-only';
  4 |

The export KNOCKOUT_POINTS was not found in module [project]/src/lib/logic/scoring.ts [app-client] (ecmascript).
Did you mean to import GROUP_POINTS?
All exports of the module are statically known (It doesn't have dynamic exports). So it's known statically that the requested export doesn't exist.

Import traces:
  Client Component Browser:
    ./src/components/scoring/ScoringExplainer.tsx [Client Component Browser]
    ./src/components/ranking/RankingView.tsx [Client Component Browser]
    ./src/app/page.tsx [Client Component Browser]
    ./src/app/page.tsx [Server Component]

  Client Component SSR:
    ./src/components/scoring/ScoringExplainer.tsx [Client Component SSR]
    ./src/components/ranking/RankingView.tsx [Client Component SSR]
    ./src/app/page.tsx [Client Component SSR]
    ./src/app/page.tsx [Server Component] @ http://localhost:3000/_next/static/chunks/node_modules_next_dist_f3530cac._.js:3127
[   90851ms] [ERROR] ./src/components/scoring/ScoringExplainer.tsx:1:1
Export KNOCKOUT_POINTS doesn't exist in target module
> 1 | import { CHAMPION_POINTS, GROUP_POINTS, KNOCKOUT_POINTS } from '@/lib/logic/scoring';
    | ^^^^^^^^^^^^^^^^^^^^^^^^^^^^^^^^^^^^^^^^^^^^^^^^^^^^^^^^^^^^^^^^^^^^^^^^^^^^^^^^^^^^^
  2 |
  3 | type Variant = 'full' | 'knockout-only';
  4 |

The export KNOCKOUT_POINTS was not found in module [project]/src/lib/logic/scoring.ts [app-ssr] (ecmascript).
Did you mean to import GROUP_POINTS?
All exports of the module are statically known (It doesn't have dynamic exports). So it's known statically that the requested export doesn't exist.

Import traces:
  Client Component Browser:
    ./src/components/scoring/ScoringExplainer.tsx [Client Component Browser]
    ./src/components/ranking/RankingView.tsx [Client Component Browser]
    ./src/app/page.tsx [Client Component Browser]
    ./src/app/page.tsx [Server Component]

  Client Component SSR:
    ./src/components/scoring/ScoringExplainer.tsx [Client Component SSR]
    ./src/components/ranking/RankingView.tsx [Client Component SSR]
    ./src/app/page.tsx [Client Component SSR]
    ./src/app/page.tsx [Server Component] @ http://localhost:3000/_next/static/chunks/node_modules_next_dist_f3530cac._.js:3127
[   90900ms] [LOG] [Fast Refresh] rebuilding @ http://localhost:3000/_next/static/chunks/node_modules_next_dist_f3530cac._.js:2297
[  115522ms] [ERROR] ./src/components/ranking/UserPredictionsModal.tsx:8:1
Export CHAMPION_POINTS doesn't exist in target module
   6 | import { allGroupMatches } from '@/data/matches';
   7 | import { generateBracket } from '@/lib/logic/bracket';
>  8 | import { KNOCKOUT_POINTS, GROUP_POINTS, CHAMPION_POINTS } from '@/lib/logic/scoring';
     | ^^^^^^^^^^^^^^^^^^^^^^^^^^^^^^^^^^^^^^^^^^^^^^^^^^^^^^^^^^^^^^^^^^^^^^^^^^^^^^^^^^^^^
   9 | import type { KnockoutRound } from '@/types';
  10 |
  11 | interface Props {

The export CHAMPION_POINTS was not found in module [project]/src/lib/logic/scoring.ts [app-client] (ecmascript).
Did you mean to import WINNER_POINTS?
All exports of the module are statically known (It doesn't have dynamic exports). So it's known statically that the requested export doesn't exist.

Import traces:
  Client Component Browser:
    ./src/components/ranking/UserPredictionsModal.tsx [Client Component Browser]
    ./src/components/ranking/RankingView.tsx [Client Component Browser]
    ./src/app/page.tsx [Client Component Browser]
    ./src/app/page.tsx [Server Component]

  Client Component SSR:
    ./src/components/ranking/UserPredictionsModal.tsx [Client Component SSR]
    ./src/components/ranking/RankingView.tsx [Client Component SSR]
    ./src/app/page.tsx [Client Component SSR]
    ./src/app/page.tsx [Server Component] @ http://localhost:3000/_next/static/chunks/node_modules_next_dist_f3530cac._.js:3127
[  115522ms] [ERROR] ./src/components/ranking/UserPredictionsModal.tsx:8:1
Export CHAMPION_POINTS doesn't exist in target module
   6 | import { allGroupMatches } from '@/data/matches';
   7 | import { generateBracket } from '@/lib/logic/bracket';
>  8 | import { KNOCKOUT_POINTS, GROUP_POINTS, CHAMPION_POINTS } from '@/lib/logic/scoring';
     | ^^^^^^^^^^^^^^^^^^^^^^^^^^^^^^^^^^^^^^^^^^^^^^^^^^^^^^^^^^^^^^^^^^^^^^^^^^^^^^^^^^^^^
   9 | import type { KnockoutRound } from '@/types';
  10 |
  11 | interface Props {

The export CHAMPION_POINTS was not found in module [project]/src/lib/logic/scoring.ts [app-ssr] (ecmascript).
Did you mean to import WINNER_POINTS?
All exports of the module are statically known (It doesn't have dynamic exports). So it's known statically that the requested export doesn't exist.

Import traces:
  Client Component Browser:
    ./src/components/ranking/UserPredictionsModal.tsx [Client Component Browser]
    ./src/components/ranking/RankingView.tsx [Client Component Browser]
    ./src/app/page.tsx [Client Component Browser]
    ./src/app/page.tsx [Server Component]

  Client Component SSR:
    ./src/components/ranking/UserPredictionsModal.tsx [Client Component SSR]
    ./src/components/ranking/RankingView.tsx [Client Component SSR]
    ./src/app/page.tsx [Client Component SSR]
    ./src/app/page.tsx [Server Component] @ http://localhost:3000/_next/static/chunks/node_modules_next_dist_f3530cac._.js:3127
[  115522ms] [ERROR] ./src/components/scoring/ScoringExplainer.tsx:1:1
Export CHAMPION_POINTS doesn't exist in target module
> 1 | import { CHAMPION_POINTS, GROUP_POINTS, KNOCKOUT_POINTS } from '@/lib/logic/scoring';
    | ^^^^^^^^^^^^^^^^^^^^^^^^^^^^^^^^^^^^^^^^^^^^^^^^^^^^^^^^^^^^^^^^^^^^^^^^^^^^^^^^^^^^^
  2 |
  3 | type Variant = 'full' | 'knockout-only';
  4 |

The export CHAMPION_POINTS was not found in module [project]/src/lib/logic/scoring.ts [app-client] (ecmascript).
Did you mean to import WINNER_POINTS?
All exports of the module are statically known (It doesn't have dynamic exports). So it's known statically that the requested export doesn't exist.

Import traces:
  Client Component Browser:
    ./src/components/scoring/ScoringExplainer.tsx [Client Component Browser]
    ./src/components/ranking/RankingView.tsx [Client Component Browser]
    ./src/app/page.tsx [Client Component Browser]
    ./src/app/page.tsx [Server Component]

  Client Component SSR:
    ./src/components/scoring/ScoringExplainer.tsx [Client Component SSR]
    ./src/components/ranking/RankingView.tsx [Client Component SSR]
    ./src/app/page.tsx [Client Component SSR]
    ./src/app/page.tsx [Server Component] @ http://localhost:3000/_next/static/chunks/node_modules_next_dist_f3530cac._.js:3127
[  115522ms] [ERROR] ./src/components/scoring/ScoringExplainer.tsx:1:1
Export CHAMPION_POINTS doesn't exist in target module
> 1 | import { CHAMPION_POINTS, GROUP_POINTS, KNOCKOUT_POINTS } from '@/lib/logic/scoring';
    | ^^^^^^^^^^^^^^^^^^^^^^^^^^^^^^^^^^^^^^^^^^^^^^^^^^^^^^^^^^^^^^^^^^^^^^^^^^^^^^^^^^^^^
  2 |
  3 | type Variant = 'full' | 'knockout-only';
  4 |

The export CHAMPION_POINTS was not found in module [project]/src/lib/logic/scoring.ts [app-ssr] (ecmascript).
Did you mean to import WINNER_POINTS?
All exports of the module are statically known (It doesn't have dynamic exports). So it's known statically that the requested export doesn't exist.

Import traces:
  Client Component Browser:
    ./src/components/scoring/ScoringExplainer.tsx [Client Component Browser]
    ./src/components/ranking/RankingView.tsx [Client Component Browser]
    ./src/app/page.tsx [Client Component Browser]
    ./src/app/page.tsx [Server Component]

  Client Component SSR:
    ./src/components/scoring/ScoringExplainer.tsx [Client Component SSR]
    ./src/components/ranking/RankingView.tsx [Client Component SSR]
    ./src/app/page.tsx [Client Component SSR]
    ./src/app/page.tsx [Server Component] @ http://localhost:3000/_next/static/chunks/node_modules_next_dist_f3530cac._.js:3127
[  115522ms] [ERROR] ./src/components/bracket/KnockoutMatchCard.tsx:5:1
Export KNOCKOUT_POINTS doesn't exist in target module
  3 | import { KnockoutResult, LiveMatch } from '@/types';
  4 | import { teamsByCode } from '@/data/teams';
> 5 | import { KNOCKOUT_POINTS } from '@/lib/logic/scoring';
    | ^^^^^^^^^^^^^^^^^^^^^^^^^^^^^^^^^^^^^^^^^^^^^^^^^^^^^^
  6 | import { isPlaceholder, placeholderLabel } from '@/lib/logic/bracket';
  7 |
  8 | interface Props {

The export KNOCKOUT_POINTS was not found in module [project]/src/lib/logic/scoring.ts [app-client] (ecmascript).
Did you mean to import GROUP_POINTS?
All exports of the module are statically known (It doesn't have dynamic exports). So it's known statically that the requested export doesn't exist.

Import traces:
  Client Component Browser:
    ./src/components/bracket/KnockoutMatchCard.tsx [Client Component Browser]
    ./src/components/bracket/BracketView.tsx [Client Component Browser]
    ./src/app/page.tsx [Client Component Browser]
    ./src/app/page.tsx [Server Component]

  Client Component SSR:
    ./src/components/bracket/KnockoutMatchCard.tsx [Client Component SSR]
    ./src/components/bracket/BracketView.tsx [Client Component SSR]
    ./src/app/page.tsx [Client Component SSR]
    ./src/app/page.tsx [Server Component] @ http://localhost:3000/_next/static/chunks/node_modules_next_dist_f3530cac._.js:3127
[  115522ms] [ERROR] ./src/components/bracket/KnockoutMatchCard.tsx:5:1
Export KNOCKOUT_POINTS doesn't exist in target module
  3 | import { KnockoutResult, LiveMatch } from '@/types';
  4 | import { teamsByCode } from '@/data/teams';
> 5 | import { KNOCKOUT_POINTS } from '@/lib/logic/scoring';
    | ^^^^^^^^^^^^^^^^^^^^^^^^^^^^^^^^^^^^^^^^^^^^^^^^^^^^^^
  6 | import { isPlaceholder, placeholderLabel } from '@/lib/logic/bracket';
  7 |
  8 | interface Props {

The export KNOCKOUT_POINTS was not found in module [project]/src/lib/logic/scoring.ts [app-ssr] (ecmascript).
Did you mean to import GROUP_POINTS?
All exports of the module are statically known (It doesn't have dynamic exports). So it's known statically that the requested export doesn't exist.

Import traces:
  Client Component Browser:
    ./src/components/bracket/KnockoutMatchCard.tsx [Client Component Browser]
    ./src/components/bracket/BracketView.tsx [Client Component Browser]
    ./src/app/page.tsx [Client Component Browser]
    ./src/app/page.tsx [Server Component]

  Client Component SSR:
    ./src/components/bracket/KnockoutMatchCard.tsx [Client Component SSR]
    ./src/components/bracket/BracketView.tsx [Client Component SSR]
    ./src/app/page.tsx [Client Component SSR]
    ./src/app/page.tsx [Server Component] @ http://localhost:3000/_next/static/chunks/node_modules_next_dist_f3530cac._.js:3127
[  115522ms] [ERROR] ./src/components/ranking/UserPredictionsModal.tsx:8:1
Export KNOCKOUT_POINTS doesn't exist in target module
   6 | import { allGroupMatches } from '@/data/matches';
   7 | import { generateBracket } from '@/lib/logic/bracket';
>  8 | import { KNOCKOUT_POINTS, GROUP_POINTS, CHAMPION_POINTS } from '@/lib/logic/scoring';
     | ^^^^^^^^^^^^^^^^^^^^^^^^^^^^^^^^^^^^^^^^^^^^^^^^^^^^^^^^^^^^^^^^^^^^^^^^^^^^^^^^^^^^^
   9 | import type { KnockoutRound } from '@/types';
  10 |
  11 | interface Props {

The export KNOCKOUT_POINTS was not found in module [project]/src/lib/logic/scoring.ts [app-client] (ecmascript).
Did you mean to import GROUP_POINTS?
All exports of the module are statically known (It doesn't have dynamic exports). So it's known statically that the requested export doesn't exist.

Import traces:
  Client Component Browser:
    ./src/components/ranking/UserPredictionsModal.tsx [Client Component Browser]
    ./src/components/ranking/RankingView.tsx [Client Component Browser]
    ./src/app/page.tsx [Client Component Browser]
    ./src/app/page.tsx [Server Component]

  Client Component SSR:
    ./src/components/ranking/UserPredictionsModal.tsx [Client Component SSR]
    ./src/components/ranking/RankingView.tsx [Client Component SSR]
    ./src/app/page.tsx [Client Component SSR]
    ./src/app/page.tsx [Server Component] @ http://localhost:3000/_next/static/chunks/node_modules_next_dist_f3530cac._.js:3127
[  115522ms] [ERROR] ./src/components/ranking/UserPredictionsModal.tsx:8:1
Export KNOCKOUT_POINTS doesn't exist in target module
   6 | import { allGroupMatches } from '@/data/matches';
   7 | import { generateBracket } from '@/lib/logic/bracket';
>  8 | import { KNOCKOUT_POINTS, GROUP_POINTS, CHAMPION_POINTS } from '@/lib/logic/scoring';
     | ^^^^^^^^^^^^^^^^^^^^^^^^^^^^^^^^^^^^^^^^^^^^^^^^^^^^^^^^^^^^^^^^^^^^^^^^^^^^^^^^^^^^^
   9 | import type { KnockoutRound } from '@/types';
  10 |
  11 | interface Props {

The export KNOCKOUT_POINTS was not found in module [project]/src/lib/logic/scoring.ts [app-ssr] (ecmascript).
Did you mean to import GROUP_POINTS?
All exports of the module are statically known (It doesn't have dynamic exports). So it's known statically that the requested export doesn't exist.

Import traces:
  Client Component Browser:
    ./src/components/ranking/UserPredictionsModal.tsx [Client Component Browser]
    ./src/components/ranking/RankingView.tsx [Client Component Browser]
    ./src/app/page.tsx [Client Component Browser]
    ./src/app/page.tsx [Server Component]

  Client Component SSR:
    ./src/components/ranking/UserPredictionsModal.tsx [Client Component SSR]
    ./src/components/ranking/RankingView.tsx [Client Component SSR]
    ./src/app/page.tsx [Client Component SSR]
    ./src/app/page.tsx [Server Component] @ http://localhost:3000/_next/static/chunks/node_modules_next_dist_f3530cac._.js:3127
[  115522ms] [ERROR] ./src/components/scoring/ScoringExplainer.tsx:1:1
Export KNOCKOUT_POINTS doesn't exist in target module
> 1 | import { CHAMPION_POINTS, GROUP_POINTS, KNOCKOUT_POINTS } from '@/lib/logic/scoring';
    | ^^^^^^^^^^^^^^^^^^^^^^^^^^^^^^^^^^^^^^^^^^^^^^^^^^^^^^^^^^^^^^^^^^^^^^^^^^^^^^^^^^^^^
  2 |
  3 | type Variant = 'full' | 'knockout-only';
  4 |

The export KNOCKOUT_POINTS was not found in module [project]/src/lib/logic/scoring.ts [app-client] (ecmascript).
Did you mean to import GROUP_POINTS?
All exports of the module are statically known (It doesn't have dynamic exports). So it's known statically that the requested export doesn't exist.

Import traces:
  Client Component Browser:
    ./src/components/scoring/ScoringExplainer.tsx [Client Component Browser]
    ./src/components/ranking/RankingView.tsx [Client Component Browser]
    ./src/app/page.tsx [Client Component Browser]
    ./src/app/page.tsx [Server Component]

  Client Component SSR:
    ./src/components/scoring/ScoringExplainer.tsx [Client Component SSR]
    ./src/components/ranking/RankingView.tsx [Client Component SSR]
    ./src/app/page.tsx [Client Component SSR]
    ./src/app/page.tsx [Server Component] @ http://localhost:3000/_next/static/chunks/node_modules_next_dist_f3530cac._.js:3127
[  115522ms] [ERROR] ./src/components/scoring/ScoringExplainer.tsx:1:1
Export KNOCKOUT_POINTS doesn't exist in target module
> 1 | import { CHAMPION_POINTS, GROUP_POINTS, KNOCKOUT_POINTS } from '@/lib/logic/scoring';
    | ^^^^^^^^^^^^^^^^^^^^^^^^^^^^^^^^^^^^^^^^^^^^^^^^^^^^^^^^^^^^^^^^^^^^^^^^^^^^^^^^^^^^^
  2 |
  3 | type Variant = 'full' | 'knockout-only';
  4 |

The export KNOCKOUT_POINTS was not found in module [project]/src/lib/logic/scoring.ts [app-ssr] (ecmascript).
Did you mean to import GROUP_POINTS?
All exports of the module are statically known (It doesn't have dynamic exports). So it's known statically that the requested export doesn't exist.

Import traces:
  Client Component Browser:
    ./src/components/scoring/ScoringExplainer.tsx [Client Component Browser]
    ./src/components/ranking/RankingView.tsx [Client Component Browser]
    ./src/app/page.tsx [Client Component Browser]
    ./src/app/page.tsx [Server Component]

  Client Component SSR:
    ./src/components/scoring/ScoringExplainer.tsx [Client Component SSR]
    ./src/components/ranking/RankingView.tsx [Client Component SSR]
    ./src/app/page.tsx [Client Component SSR]
    ./src/app/page.tsx [Server Component] @ http://localhost:3000/_next/static/chunks/node_modules_next_dist_f3530cac._.js:3127
[  115563ms] [LOG] [Fast Refresh] rebuilding @ http://localhost:3000/_next/static/chunks/node_modules_next_dist_f3530cac._.js:2297
[  124965ms] [LOG] [Fast Refresh] rebuilding @ http://localhost:3000/_next/static/chunks/node_modules_next_dist_f3530cac._.js:2297
[  125184ms] [ERROR] ./src/components/ranking/UserPredictionsModal.tsx:8:1
Export CHAMPION_POINTS doesn't exist in target module
   6 | import { allGroupMatches } from '@/data/matches';
   7 | import { generateBracket } from '@/lib/logic/bracket';
>  8 | import { KNOCKOUT_POINTS, GROUP_POINTS, CHAMPION_POINTS } from '@/lib/logic/scoring';
     | ^^^^^^^^^^^^^^^^^^^^^^^^^^^^^^^^^^^^^^^^^^^^^^^^^^^^^^^^^^^^^^^^^^^^^^^^^^^^^^^^^^^^^
   9 | import type { KnockoutRound } from '@/types';
  10 |
  11 | interface Props {

The export CHAMPION_POINTS was not found in module [project]/src/lib/logic/scoring.ts [app-client] (ecmascript).
Did you mean to import WINNER_POINTS?
All exports of the module are statically known (It doesn't have dynamic exports). So it's known statically that the requested export doesn't exist.

Import traces:
  Client Component Browser:
    ./src/components/ranking/UserPredictionsModal.tsx [Client Component Browser]
    ./src/components/ranking/RankingView.tsx [Client Component Browser]
    ./src/app/page.tsx [Client Component Browser]
    ./src/app/page.tsx [Server Component]

  Client Component SSR:
    ./src/components/ranking/UserPredictionsModal.tsx [Client Component SSR]
    ./src/components/ranking/RankingView.tsx [Client Component SSR]
    ./src/app/page.tsx [Client Component SSR]
    ./src/app/page.tsx [Server Component] @ http://localhost:3000/_next/static/chunks/node_modules_next_dist_f3530cac._.js:3127
[  125185ms] [ERROR] ./src/components/ranking/UserPredictionsModal.tsx:8:1
Export CHAMPION_POINTS doesn't exist in target module
   6 | import { allGroupMatches } from '@/data/matches';
   7 | import { generateBracket } from '@/lib/logic/bracket';
>  8 | import { KNOCKOUT_POINTS, GROUP_POINTS, CHAMPION_POINTS } from '@/lib/logic/scoring';
     | ^^^^^^^^^^^^^^^^^^^^^^^^^^^^^^^^^^^^^^^^^^^^^^^^^^^^^^^^^^^^^^^^^^^^^^^^^^^^^^^^^^^^^
   9 | import type { KnockoutRound } from '@/types';
  10 |
  11 | interface Props {

The export CHAMPION_POINTS was not found in module [project]/src/lib/logic/scoring.ts [app-ssr] (ecmascript).
Did you mean to import WINNER_POINTS?
All exports of the module are statically known (It doesn't have dynamic exports). So it's known statically that the requested export doesn't exist.

Import traces:
  Client Component Browser:
    ./src/components/ranking/UserPredictionsModal.tsx [Client Component Browser]
    ./src/components/ranking/RankingView.tsx [Client Component Browser]
    ./src/app/page.tsx [Client Component Browser]
    ./src/app/page.tsx [Server Component]

  Client Component SSR:
    ./src/components/ranking/UserPredictionsModal.tsx [Client Component SSR]
    ./src/components/ranking/RankingView.tsx [Client Component SSR]
    ./src/app/page.tsx [Client Component SSR]
    ./src/app/page.tsx [Server Component] @ http://localhost:3000/_next/static/chunks/node_modules_next_dist_f3530cac._.js:3127
[  125185ms] [ERROR] ./src/components/scoring/ScoringExplainer.tsx:1:1
Export CHAMPION_POINTS doesn't exist in target module
> 1 | import { CHAMPION_POINTS, GROUP_POINTS, KNOCKOUT_POINTS } from '@/lib/logic/scoring';
    | ^^^^^^^^^^^^^^^^^^^^^^^^^^^^^^^^^^^^^^^^^^^^^^^^^^^^^^^^^^^^^^^^^^^^^^^^^^^^^^^^^^^^^
  2 |
  3 | type Variant = 'full' | 'knockout-only';
  4 |

The export CHAMPION_POINTS was not found in module [project]/src/lib/logic/scoring.ts [app-client] (ecmascript).
Did you mean to import WINNER_POINTS?
All exports of the module are statically known (It doesn't have dynamic exports). So it's known statically that the requested export doesn't exist.

Import traces:
  Client Component Browser:
    ./src/components/scoring/ScoringExplainer.tsx [Client Component Browser]
    ./src/components/ranking/RankingView.tsx [Client Component Browser]
    ./src/app/page.tsx [Client Component Browser]
    ./src/app/page.tsx [Server Component]

  Client Component SSR:
    ./src/components/scoring/ScoringExplainer.tsx [Client Component SSR]
    ./src/components/ranking/RankingView.tsx [Client Component SSR]
    ./src/app/page.tsx [Client Component SSR]
    ./src/app/page.tsx [Server Component] @ http://localhost:3000/_next/static/chunks/node_modules_next_dist_f3530cac._.js:3127
[  125185ms] [ERROR] ./src/components/scoring/ScoringExplainer.tsx:1:1
Export CHAMPION_POINTS doesn't exist in target module
> 1 | import { CHAMPION_POINTS, GROUP_POINTS, KNOCKOUT_POINTS } from '@/lib/logic/scoring';
    | ^^^^^^^^^^^^^^^^^^^^^^^^^^^^^^^^^^^^^^^^^^^^^^^^^^^^^^^^^^^^^^^^^^^^^^^^^^^^^^^^^^^^^
  2 |
  3 | type Variant = 'full' | 'knockout-only';
  4 |

The export CHAMPION_POINTS was not found in module [project]/src/lib/logic/scoring.ts [app-ssr] (ecmascript).
Did you mean to import WINNER_POINTS?
All exports of the module are statically known (It doesn't have dynamic exports). So it's known statically that the requested export doesn't exist.

Import traces:
  Client Component Browser:
    ./src/components/scoring/ScoringExplainer.tsx [Client Component Browser]
    ./src/components/ranking/RankingView.tsx [Client Component Browser]
    ./src/app/page.tsx [Client Component Browser]
    ./src/app/page.tsx [Server Component]

  Client Component SSR:
    ./src/components/scoring/ScoringExplainer.tsx [Client Component SSR]
    ./src/components/ranking/RankingView.tsx [Client Component SSR]
    ./src/app/page.tsx [Client Component SSR]
    ./src/app/page.tsx [Server Component] @ http://localhost:3000/_next/static/chunks/node_modules_next_dist_f3530cac._.js:3127
[  125185ms] [ERROR] ./src/components/bracket/KnockoutMatchCard.tsx:5:1
Export KNOCKOUT_POINTS doesn't exist in target module
  3 | import { KnockoutResult, LiveMatch } from '@/types';
  4 | import { teamsByCode } from '@/data/teams';
> 5 | import { KNOCKOUT_POINTS } from '@/lib/logic/scoring';
    | ^^^^^^^^^^^^^^^^^^^^^^^^^^^^^^^^^^^^^^^^^^^^^^^^^^^^^^
  6 | import { isPlaceholder, placeholderLabel } from '@/lib/logic/bracket';
  7 |
  8 | interface Props {

The export KNOCKOUT_POINTS was not found in module [project]/src/lib/logic/scoring.ts [app-client] (ecmascript).
Did you mean to import GROUP_POINTS?
All exports of the module are statically known (It doesn't have dynamic exports). So it's known statically that the requested export doesn't exist.

Import traces:
  Client Component Browser:
    ./src/components/bracket/KnockoutMatchCard.tsx [Client Component Browser]
    ./src/components/bracket/BracketView.tsx [Client Component Browser]
    ./src/app/page.tsx [Client Component Browser]
    ./src/app/page.tsx [Server Component]

  Client Component SSR:
    ./src/components/bracket/KnockoutMatchCard.tsx [Client Component SSR]
    ./src/components/bracket/BracketView.tsx [Client Component SSR]
    ./src/app/page.tsx [Client Component SSR]
    ./src/app/page.tsx [Server Component] @ http://localhost:3000/_next/static/chunks/node_modules_next_dist_f3530cac._.js:3127
[  125185ms] [ERROR] ./src/components/bracket/KnockoutMatchCard.tsx:5:1
Export KNOCKOUT_POINTS doesn't exist in target module
  3 | import { KnockoutResult, LiveMatch } from '@/types';
  4 | import { teamsByCode } from '@/data/teams';
> 5 | import { KNOCKOUT_POINTS } from '@/lib/logic/scoring';
    | ^^^^^^^^^^^^^^^^^^^^^^^^^^^^^^^^^^^^^^^^^^^^^^^^^^^^^^
  6 | import { isPlaceholder, placeholderLabel } from '@/lib/logic/bracket';
  7 |
  8 | interface Props {

The export KNOCKOUT_POINTS was not found in module [project]/src/lib/logic/scoring.ts [app-ssr] (ecmascript).
Did you mean to import GROUP_POINTS?
All exports of the module are statically known (It doesn't have dynamic exports). So it's known statically that the requested export doesn't exist.

Import traces:
  Client Component Browser:
    ./src/components/bracket/KnockoutMatchCard.tsx [Client Component Browser]
    ./src/components/bracket/BracketView.tsx [Client Component Browser]
    ./src/app/page.tsx [Client Component Browser]
    ./src/app/page.tsx [Server Component]

  Client Component SSR:
    ./src/components/bracket/KnockoutMatchCard.tsx [Client Component SSR]
    ./src/components/bracket/BracketView.tsx [Client Component SSR]
    ./src/app/page.tsx [Client Component SSR]
    ./src/app/page.tsx [Server Component] @ http://localhost:3000/_next/static/chunks/node_modules_next_dist_f3530cac._.js:3127
[  125185ms] [ERROR] ./src/components/ranking/UserPredictionsModal.tsx:8:1
Export KNOCKOUT_POINTS doesn't exist in target module
   6 | import { allGroupMatches } from '@/data/matches';
   7 | import { generateBracket } from '@/lib/logic/bracket';
>  8 | import { KNOCKOUT_POINTS, GROUP_POINTS, CHAMPION_POINTS } from '@/lib/logic/scoring';
     | ^^^^^^^^^^^^^^^^^^^^^^^^^^^^^^^^^^^^^^^^^^^^^^^^^^^^^^^^^^^^^^^^^^^^^^^^^^^^^^^^^^^^^
   9 | import type { KnockoutRound } from '@/types';
  10 |
  11 | interface Props {

The export KNOCKOUT_POINTS was not found in module [project]/src/lib/logic/scoring.ts [app-client] (ecmascript).
Did you mean to import GROUP_POINTS?
All exports of the module are statically known (It doesn't have dynamic exports). So it's known statically that the requested export doesn't exist.

Import traces:
  Client Component Browser:
    ./src/components/ranking/UserPredictionsModal.tsx [Client Component Browser]
    ./src/components/ranking/RankingView.tsx [Client Component Browser]
    ./src/app/page.tsx [Client Component Browser]
    ./src/app/page.tsx [Server Component]

  Client Component SSR:
    ./src/components/ranking/UserPredictionsModal.tsx [Client Component SSR]
    ./src/components/ranking/RankingView.tsx [Client Component SSR]
    ./src/app/page.tsx [Client Component SSR]
    ./src/app/page.tsx [Server Component] @ http://localhost:3000/_next/static/chunks/node_modules_next_dist_f3530cac._.js:3127
[  125185ms] [ERROR] ./src/components/ranking/UserPredictionsModal.tsx:8:1
Export KNOCKOUT_POINTS doesn't exist in target module
   6 | import { allGroupMatches } from '@/data/matches';
   7 | import { generateBracket } from '@/lib/logic/bracket';
>  8 | import { KNOCKOUT_POINTS, GROUP_POINTS, CHAMPION_POINTS } from '@/lib/logic/scoring';
     | ^^^^^^^^^^^^^^^^^^^^^^^^^^^^^^^^^^^^^^^^^^^^^^^^^^^^^^^^^^^^^^^^^^^^^^^^^^^^^^^^^^^^^
   9 | import type { KnockoutRound } from '@/types';
  10 |
  11 | interface Props {

The export KNOCKOUT_POINTS was not found in module [project]/src/lib/logic/scoring.ts [app-ssr] (ecmascript).
Did you mean to import GROUP_POINTS?
All exports of the module are statically known (It doesn't have dynamic exports). So it's known statically that the requested export doesn't exist.

Import traces:
  Client Component Browser:
    ./src/components/ranking/UserPredictionsModal.tsx [Client Component Browser]
    ./src/components/ranking/RankingView.tsx [Client Component Browser]
    ./src/app/page.tsx [Client Component Browser]
    ./src/app/page.tsx [Server Component]

  Client Component SSR:
    ./src/components/ranking/UserPredictionsModal.tsx [Client Component SSR]
    ./src/components/ranking/RankingView.tsx [Client Component SSR]
    ./src/app/page.tsx [Client Component SSR]
    ./src/app/page.tsx [Server Component] @ http://localhost:3000/_next/static/chunks/node_modules_next_dist_f3530cac._.js:3127
[  125185ms] [ERROR] ./src/components/scoring/ScoringExplainer.tsx:1:1
Export KNOCKOUT_POINTS doesn't exist in target module
> 1 | import { CHAMPION_POINTS, GROUP_POINTS, KNOCKOUT_POINTS } from '@/lib/logic/scoring';
    | ^^^^^^^^^^^^^^^^^^^^^^^^^^^^^^^^^^^^^^^^^^^^^^^^^^^^^^^^^^^^^^^^^^^^^^^^^^^^^^^^^^^^^
  2 |
  3 | type Variant = 'full' | 'knockout-only';
  4 |

The export KNOCKOUT_POINTS was not found in module [project]/src/lib/logic/scoring.ts [app-client] (ecmascript).
Did you mean to import GROUP_POINTS?
All exports of the module are statically known (It doesn't have dynamic exports). So it's known statically that the requested export doesn't exist.

Import traces:
  Client Component Browser:
    ./src/components/scoring/ScoringExplainer.tsx [Client Component Browser]
    ./src/components/ranking/RankingView.tsx [Client Component Browser]
    ./src/app/page.tsx [Client Component Browser]
    ./src/app/page.tsx [Server Component]

  Client Component SSR:
    ./src/components/scoring/ScoringExplainer.tsx [Client Component SSR]
    ./src/components/ranking/RankingView.tsx [Client Component SSR]
    ./src/app/page.tsx [Client Component SSR]
    ./src/app/page.tsx [Server Component] @ http://localhost:3000/_next/static/chunks/node_modules_next_dist_f3530cac._.js:3127
[  125185ms] [ERROR] ./src/components/scoring/ScoringExplainer.tsx:1:1
Export KNOCKOUT_POINTS doesn't exist in target module
> 1 | import { CHAMPION_POINTS, GROUP_POINTS, KNOCKOUT_POINTS } from '@/lib/logic/scoring';
    | ^^^^^^^^^^^^^^^^^^^^^^^^^^^^^^^^^^^^^^^^^^^^^^^^^^^^^^^^^^^^^^^^^^^^^^^^^^^^^^^^^^^^^
  2 |
  3 | type Variant = 'full' | 'knockout-only';
  4 |

The export KNOCKOUT_POINTS was not found in module [project]/src/lib/logic/scoring.ts [app-ssr] (ecmascript).
Did you mean to import GROUP_POINTS?
All exports of the module are statically known (It doesn't have dynamic exports). So it's known statically that the requested export doesn't exist.

Import traces:
  Client Component Browser:
    ./src/components/scoring/ScoringExplainer.tsx [Client Component Browser]
    ./src/components/ranking/RankingView.tsx [Client Component Browser]
    ./src/app/page.tsx [Client Component Browser]
    ./src/app/page.tsx [Server Component]

  Client Component SSR:
    ./src/components/scoring/ScoringExplainer.tsx [Client Component SSR]
    ./src/components/ranking/RankingView.tsx [Client Component SSR]
    ./src/app/page.tsx [Client Component SSR]
    ./src/app/page.tsx [Server Component] @ http://localhost:3000/_next/static/chunks/node_modules_next_dist_f3530cac._.js:3127
[  125287ms] [LOG] [Fast Refresh] rebuilding @ http://localhost:3000/_next/static/chunks/node_modules_next_dist_f3530cac._.js:2297
[  125323ms] [ERROR] ./src/components/ranking/UserPredictionsModal.tsx:8:1
Export CHAMPION_POINTS doesn't exist in target module
   6 | import { allGroupMatches } from '@/data/matches';
   7 | import { generateBracket } from '@/lib/logic/bracket';
>  8 | import { KNOCKOUT_POINTS, GROUP_POINTS, CHAMPION_POINTS } from '@/lib/logic/scoring';
     | ^^^^^^^^^^^^^^^^^^^^^^^^^^^^^^^^^^^^^^^^^^^^^^^^^^^^^^^^^^^^^^^^^^^^^^^^^^^^^^^^^^^^^
   9 | import type { KnockoutRound } from '@/types';
  10 |
  11 | interface Props {

The export CHAMPION_POINTS was not found in module [project]/src/lib/logic/scoring.ts [app-client] (ecmascript).
Did you mean to import WINNER_POINTS?
All exports of the module are statically known (It doesn't have dynamic exports). So it's known statically that the requested export doesn't exist.

Import traces:
  Client Component Browser:
    ./src/components/ranking/UserPredictionsModal.tsx [Client Component Browser]
    ./src/components/ranking/RankingView.tsx [Client Component Browser]
    ./src/app/page.tsx [Client Component Browser]
    ./src/app/page.tsx [Server Component]

  Client Component SSR:
    ./src/components/ranking/UserPredictionsModal.tsx [Client Component SSR]
    ./src/components/ranking/RankingView.tsx [Client Component SSR]
    ./src/app/page.tsx [Client Component SSR]
    ./src/app/page.tsx [Server Component] @ http://localhost:3000/_next/static/chunks/node_modules_next_dist_f3530cac._.js:3127
[  125323ms] [ERROR] ./src/components/ranking/UserPredictionsModal.tsx:8:1
Export CHAMPION_POINTS doesn't exist in target module
   6 | import { allGroupMatches } from '@/data/matches';
   7 | import { generateBracket } from '@/lib/logic/bracket';
>  8 | import { KNOCKOUT_POINTS, GROUP_POINTS, CHAMPION_POINTS } from '@/lib/logic/scoring';
     | ^^^^^^^^^^^^^^^^^^^^^^^^^^^^^^^^^^^^^^^^^^^^^^^^^^^^^^^^^^^^^^^^^^^^^^^^^^^^^^^^^^^^^
   9 | import type { KnockoutRound } from '@/types';
  10 |
  11 | interface Props {

The export CHAMPION_POINTS was not found in module [project]/src/lib/logic/scoring.ts [app-ssr] (ecmascript).
Did you mean to import WINNER_POINTS?
All exports of the module are statically known (It doesn't have dynamic exports). So it's known statically that the requested export doesn't exist.

Import traces:
  Client Component Browser:
    ./src/components/ranking/UserPredictionsModal.tsx [Client Component Browser]
    ./src/components/ranking/RankingView.tsx [Client Component Browser]
    ./src/app/page.tsx [Client Component Browser]
    ./src/app/page.tsx [Server Component]

  Client Component SSR:
    ./src/components/ranking/UserPredictionsModal.tsx [Client Component SSR]
    ./src/components/ranking/RankingView.tsx [Client Component SSR]
    ./src/app/page.tsx [Client Component SSR]
    ./src/app/page.tsx [Server Component] @ http://localhost:3000/_next/static/chunks/node_modules_next_dist_f3530cac._.js:3127
[  125323ms] [ERROR] ./src/components/scoring/ScoringExplainer.tsx:1:1
Export CHAMPION_POINTS doesn't exist in target module
> 1 | import { CHAMPION_POINTS, GROUP_POINTS, KNOCKOUT_POINTS } from '@/lib/logic/scoring';
    | ^^^^^^^^^^^^^^^^^^^^^^^^^^^^^^^^^^^^^^^^^^^^^^^^^^^^^^^^^^^^^^^^^^^^^^^^^^^^^^^^^^^^^
  2 |
  3 | type Variant = 'full' | 'knockout-only';
  4 |

The export CHAMPION_POINTS was not found in module [project]/src/lib/logic/scoring.ts [app-client] (ecmascript).
Did you mean to import WINNER_POINTS?
All exports of the module are statically known (It doesn't have dynamic exports). So it's known statically that the requested export doesn't exist.

Import traces:
  Client Component Browser:
    ./src/components/scoring/ScoringExplainer.tsx [Client Component Browser]
    ./src/components/ranking/RankingView.tsx [Client Component Browser]
    ./src/app/page.tsx [Client Component Browser]
    ./src/app/page.tsx [Server Component]

  Client Component SSR:
    ./src/components/scoring/ScoringExplainer.tsx [Client Component SSR]
    ./src/components/ranking/RankingView.tsx [Client Component SSR]
    ./src/app/page.tsx [Client Component SSR]
    ./src/app/page.tsx [Server Component] @ http://localhost:3000/_next/static/chunks/node_modules_next_dist_f3530cac._.js:3127
[  125323ms] [ERROR] ./src/components/scoring/ScoringExplainer.tsx:1:1
Export CHAMPION_POINTS doesn't exist in target module
> 1 | import { CHAMPION_POINTS, GROUP_POINTS, KNOCKOUT_POINTS } from '@/lib/logic/scoring';
    | ^^^^^^^^^^^^^^^^^^^^^^^^^^^^^^^^^^^^^^^^^^^^^^^^^^^^^^^^^^^^^^^^^^^^^^^^^^^^^^^^^^^^^
  2 |
  3 | type Variant = 'full' | 'knockout-only';
  4 |

The export CHAMPION_POINTS was not found in module [project]/src/lib/logic/scoring.ts [app-ssr] (ecmascript).
Did you mean to import WINNER_POINTS?
All exports of the module are statically known (It doesn't have dynamic exports). So it's known statically that the requested export doesn't exist.

Import traces:
  Client Component Browser:
    ./src/components/scoring/ScoringExplainer.tsx [Client Component Browser]
    ./src/components/ranking/RankingView.tsx [Client Component Browser]
    ./src/app/page.tsx [Client Component Browser]
    ./src/app/page.tsx [Server Component]

  Client Component SSR:
    ./src/components/scoring/ScoringExplainer.tsx [Client Component SSR]
    ./src/components/ranking/RankingView.tsx [Client Component SSR]
    ./src/app/page.tsx [Client Component SSR]
    ./src/app/page.tsx [Server Component] @ http://localhost:3000/_next/static/chunks/node_modules_next_dist_f3530cac._.js:3127
[  125323ms] [ERROR] ./src/components/bracket/KnockoutMatchCard.tsx:5:1
Export KNOCKOUT_POINTS doesn't exist in target module
  3 | import { KnockoutResult, LiveMatch } from '@/types';
  4 | import { teamsByCode } from '@/data/teams';
> 5 | import { KNOCKOUT_POINTS } from '@/lib/logic/scoring';
    | ^^^^^^^^^^^^^^^^^^^^^^^^^^^^^^^^^^^^^^^^^^^^^^^^^^^^^^
  6 | import { isPlaceholder, placeholderLabel } from '@/lib/logic/bracket';
  7 |
  8 | interface Props {

The export KNOCKOUT_POINTS was not found in module [project]/src/lib/logic/scoring.ts [app-client] (ecmascript).
Did you mean to import GROUP_POINTS?
All exports of the module are statically known (It doesn't have dynamic exports). So it's known statically that the requested export doesn't exist.

Import traces:
  Client Component Browser:
    ./src/components/bracket/KnockoutMatchCard.tsx [Client Component Browser]
    ./src/components/bracket/BracketView.tsx [Client Component Browser]
    ./src/app/page.tsx [Client Component Browser]
    ./src/app/page.tsx [Server Component]

  Client Component SSR:
    ./src/components/bracket/KnockoutMatchCard.tsx [Client Component SSR]
    ./src/components/bracket/BracketView.tsx [Client Component SSR]
    ./src/app/page.tsx [Client Component SSR]
    ./src/app/page.tsx [Server Component] @ http://localhost:3000/_next/static/chunks/node_modules_next_dist_f3530cac._.js:3127
[  125323ms] [ERROR] ./src/components/bracket/KnockoutMatchCard.tsx:5:1
Export KNOCKOUT_POINTS doesn't exist in target module
  3 | import { KnockoutResult, LiveMatch } from '@/types';
  4 | import { teamsByCode } from '@/data/teams';
> 5 | import { KNOCKOUT_POINTS } from '@/lib/logic/scoring';
    | ^^^^^^^^^^^^^^^^^^^^^^^^^^^^^^^^^^^^^^^^^^^^^^^^^^^^^^
  6 | import { isPlaceholder, placeholderLabel } from '@/lib/logic/bracket';
  7 |
  8 | interface Props {

The export KNOCKOUT_POINTS was not found in module [project]/src/lib/logic/scoring.ts [app-ssr] (ecmascript).
Did you mean to import GROUP_POINTS?
All exports of the module are statically known (It doesn't have dynamic exports). So it's known statically that the requested export doesn't exist.

Import traces:
  Client Component Browser:
    ./src/components/bracket/KnockoutMatchCard.tsx [Client Component Browser]
    ./src/components/bracket/BracketView.tsx [Client Component Browser]
    ./src/app/page.tsx [Client Component Browser]
    ./src/app/page.tsx [Server Component]

  Client Component SSR:
    ./src/components/bracket/KnockoutMatchCard.tsx [Client Component SSR]
    ./src/components/bracket/BracketView.tsx [Client Component SSR]
    ./src/app/page.tsx [Client Component SSR]
    ./src/app/page.tsx [Server Component] @ http://localhost:3000/_next/static/chunks/node_modules_next_dist_f3530cac._.js:3127
[  125323ms] [ERROR] ./src/components/ranking/UserPredictionsModal.tsx:8:1
Export KNOCKOUT_POINTS doesn't exist in target module
   6 | import { allGroupMatches } from '@/data/matches';
   7 | import { generateBracket } from '@/lib/logic/bracket';
>  8 | import { KNOCKOUT_POINTS, GROUP_POINTS, CHAMPION_POINTS } from '@/lib/logic/scoring';
     | ^^^^^^^^^^^^^^^^^^^^^^^^^^^^^^^^^^^^^^^^^^^^^^^^^^^^^^^^^^^^^^^^^^^^^^^^^^^^^^^^^^^^^
   9 | import type { KnockoutRound } from '@/types';
  10 |
  11 | interface Props {

The export KNOCKOUT_POINTS was not found in module [project]/src/lib/logic/scoring.ts [app-client] (ecmascript).
Did you mean to import GROUP_POINTS?
All exports of the module are statically known (It doesn't have dynamic exports). So it's known statically that the requested export doesn't exist.

Import traces:
  Client Component Browser:
    ./src/components/ranking/UserPredictionsModal.tsx [Client Component Browser]
    ./src/components/ranking/RankingView.tsx [Client Component Browser]
    ./src/app/page.tsx [Client Component Browser]
    ./src/app/page.tsx [Server Component]

  Client Component SSR:
    ./src/components/ranking/UserPredictionsModal.tsx [Client Component SSR]
    ./src/components/ranking/RankingView.tsx [Client Component SSR]
    ./src/app/page.tsx [Client Component SSR]
    ./src/app/page.tsx [Server Component] @ http://localhost:3000/_next/static/chunks/node_modules_next_dist_f3530cac._.js:3127
[  125323ms] [ERROR] ./src/components/ranking/UserPredictionsModal.tsx:8:1
Export KNOCKOUT_POINTS doesn't exist in target module
   6 | import { allGroupMatches } from '@/data/matches';
   7 | import { generateBracket } from '@/lib/logic/bracket';
>  8 | import { KNOCKOUT_POINTS, GROUP_POINTS, CHAMPION_POINTS } from '@/lib/logic/scoring';
     | ^^^^^^^^^^^^^^^^^^^^^^^^^^^^^^^^^^^^^^^^^^^^^^^^^^^^^^^^^^^^^^^^^^^^^^^^^^^^^^^^^^^^^
   9 | import type { KnockoutRound } from '@/types';
  10 |
  11 | interface Props {

The export KNOCKOUT_POINTS was not found in module [project]/src/lib/logic/scoring.ts [app-ssr] (ecmascript).
Did you mean to import GROUP_POINTS?
All exports of the module are statically known (It doesn't have dynamic exports). So it's known statically that the requested export doesn't exist.

Import traces:
  Client Component Browser:
    ./src/components/ranking/UserPredictionsModal.tsx [Client Component Browser]
    ./src/components/ranking/RankingView.tsx [Client Component Browser]
    ./src/app/page.tsx [Client Component Browser]
    ./src/app/page.tsx [Server Component]

  Client Component SSR:
    ./src/components/ranking/UserPredictionsModal.tsx [Client Component SSR]
    ./src/components/ranking/RankingView.tsx [Client Component SSR]
    ./src/app/page.tsx [Client Component SSR]
    ./src/app/page.tsx [Server Component] @ http://localhost:3000/_next/static/chunks/node_modules_next_dist_f3530cac._.js:3127
[  125323ms] [ERROR] ./src/components/scoring/ScoringExplainer.tsx:1:1
Export KNOCKOUT_POINTS doesn't exist in target module
> 1 | import { CHAMPION_POINTS, GROUP_POINTS, KNOCKOUT_POINTS } from '@/lib/logic/scoring';
    | ^^^^^^^^^^^^^^^^^^^^^^^^^^^^^^^^^^^^^^^^^^^^^^^^^^^^^^^^^^^^^^^^^^^^^^^^^^^^^^^^^^^^^
  2 |
  3 | type Variant = 'full' | 'knockout-only';
  4 |

The export KNOCKOUT_POINTS was not found in module [project]/src/lib/logic/scoring.ts [app-client] (ecmascript).
Did you mean to import GROUP_POINTS?
All exports of the module are statically known (It doesn't have dynamic exports). So it's known statically that the requested export doesn't exist.

Import traces:
  Client Component Browser:
    ./src/components/scoring/ScoringExplainer.tsx [Client Component Browser]
    ./src/components/ranking/RankingView.tsx [Client Component Browser]
    ./src/app/page.tsx [Client Component Browser]
    ./src/app/page.tsx [Server Component]

  Client Component SSR:
    ./src/components/scoring/ScoringExplainer.tsx [Client Component SSR]
    ./src/components/ranking/RankingView.tsx [Client Component SSR]
    ./src/app/page.tsx [Client Component SSR]
    ./src/app/page.tsx [Server Component] @ http://localhost:3000/_next/static/chunks/node_modules_next_dist_f3530cac._.js:3127
[  125323ms] [ERROR] ./src/components/scoring/ScoringExplainer.tsx:1:1
Export KNOCKOUT_POINTS doesn't exist in target module
> 1 | import { CHAMPION_POINTS, GROUP_POINTS, KNOCKOUT_POINTS } from '@/lib/logic/scoring';
    | ^^^^^^^^^^^^^^^^^^^^^^^^^^^^^^^^^^^^^^^^^^^^^^^^^^^^^^^^^^^^^^^^^^^^^^^^^^^^^^^^^^^^^
  2 |
  3 | type Variant = 'full' | 'knockout-only';
  4 |

The export KNOCKOUT_POINTS was not found in module [project]/src/lib/logic/scoring.ts [app-ssr] (ecmascript).
Did you mean to import GROUP_POINTS?
All exports of the module are statically known (It doesn't have dynamic exports). So it's known statically that the requested export doesn't exist.

Import traces:
  Client Component Browser:
    ./src/components/scoring/ScoringExplainer.tsx [Client Component Browser]
    ./src/components/ranking/RankingView.tsx [Client Component Browser]
    ./src/app/page.tsx [Client Component Browser]
    ./src/app/page.tsx [Server Component]

  Client Component SSR:
    ./src/components/scoring/ScoringExplainer.tsx [Client Component SSR]
    ./src/components/ranking/RankingView.tsx [Client Component SSR]
    ./src/app/page.tsx [Client Component SSR]
    ./src/app/page.tsx [Server Component] @ http://localhost:3000/_next/static/chunks/node_modules_next_dist_f3530cac._.js:3127
[  126511ms] [ERROR] ./src/components/ranking/UserPredictionsModal.tsx:8:1
Export CHAMPION_POINTS doesn't exist in target module
   6 | import { allGroupMatches } from '@/data/matches';
   7 | import { generateBracket } from '@/lib/logic/bracket';
>  8 | import { KNOCKOUT_POINTS, GROUP_POINTS, CHAMPION_POINTS } from '@/lib/logic/scoring';
     | ^^^^^^^^^^^^^^^^^^^^^^^^^^^^^^^^^^^^^^^^^^^^^^^^^^^^^^^^^^^^^^^^^^^^^^^^^^^^^^^^^^^^^
   9 | import type { KnockoutRound } from '@/types';
  10 |
  11 | interface Props {

The export CHAMPION_POINTS was not found in module [project]/src/lib/logic/scoring.ts [app-client] (ecmascript).
Did you mean to import WINNER_POINTS?
All exports of the module are statically known (It doesn't have dynamic exports). So it's known statically that the requested export doesn't exist.

Import traces:
  Client Component Browser:
    ./src/components/ranking/UserPredictionsModal.tsx [Client Component Browser]
    ./src/components/ranking/RankingView.tsx [Client Component Browser]
    ./src/app/page.tsx [Client Component Browser]
    ./src/app/page.tsx [Server Component]

  Client Component SSR:
    ./src/components/ranking/UserPredictionsModal.tsx [Client Component SSR]
    ./src/components/ranking/RankingView.tsx [Client Component SSR]
    ./src/app/page.tsx [Client Component SSR]
    ./src/app/page.tsx [Server Component] @ http://localhost:3000/_next/static/chunks/node_modules_next_dist_f3530cac._.js:3127
[  126511ms] [ERROR] ./src/components/ranking/UserPredictionsModal.tsx:8:1
Export CHAMPION_POINTS doesn't exist in target module
   6 | import { allGroupMatches } from '@/data/matches';
   7 | import { generateBracket } from '@/lib/logic/bracket';
>  8 | import { KNOCKOUT_POINTS, GROUP_POINTS, CHAMPION_POINTS } from '@/lib/logic/scoring';
     | ^^^^^^^^^^^^^^^^^^^^^^^^^^^^^^^^^^^^^^^^^^^^^^^^^^^^^^^^^^^^^^^^^^^^^^^^^^^^^^^^^^^^^
   9 | import type { KnockoutRound } from '@/types';
  10 |
  11 | interface Props {

The export CHAMPION_POINTS was not found in module [project]/src/lib/logic/scoring.ts [app-ssr] (ecmascript).
Did you mean to import WINNER_POINTS?
All exports of the module are statically known (It doesn't have dynamic exports). So it's known statically that the requested export doesn't exist.

Import traces:
  Client Component Browser:
    ./src/components/ranking/UserPredictionsModal.tsx [Client Component Browser]
    ./src/components/ranking/RankingView.tsx [Client Component Browser]
    ./src/app/page.tsx [Client Component Browser]
    ./src/app/page.tsx [Server Component]

  Client Component SSR:
    ./src/components/ranking/UserPredictionsModal.tsx [Client Component SSR]
    ./src/components/ranking/RankingView.tsx [Client Component SSR]
    ./src/app/page.tsx [Client Component SSR]
    ./src/app/page.tsx [Server Component] @ http://localhost:3000/_next/static/chunks/node_modules_next_dist_f3530cac._.js:3127
[  126511ms] [ERROR] ./src/components/scoring/ScoringExplainer.tsx:1:1
Export CHAMPION_POINTS doesn't exist in target module
> 1 | import { CHAMPION_POINTS, GROUP_POINTS, KNOCKOUT_POINTS } from '@/lib/logic/scoring';
    | ^^^^^^^^^^^^^^^^^^^^^^^^^^^^^^^^^^^^^^^^^^^^^^^^^^^^^^^^^^^^^^^^^^^^^^^^^^^^^^^^^^^^^
  2 |
  3 | type Variant = 'full' | 'knockout-only';
  4 |

The export CHAMPION_POINTS was not found in module [project]/src/lib/logic/scoring.ts [app-client] (ecmascript).
Did you mean to import WINNER_POINTS?
All exports of the module are statically known (It doesn't have dynamic exports). So it's known statically that the requested export doesn't exist.

Import traces:
  Client Component Browser:
    ./src/components/scoring/ScoringExplainer.tsx [Client Component Browser]
    ./src/components/ranking/RankingView.tsx [Client Component Browser]
    ./src/app/page.tsx [Client Component Browser]
    ./src/app/page.tsx [Server Component]

  Client Component SSR:
    ./src/components/scoring/ScoringExplainer.tsx [Client Component SSR]
    ./src/components/ranking/RankingView.tsx [Client Component SSR]
    ./src/app/page.tsx [Client Component SSR]
    ./src/app/page.tsx [Server Component] @ http://localhost:3000/_next/static/chunks/node_modules_next_dist_f3530cac._.js:3127
[  126511ms] [ERROR] ./src/components/scoring/ScoringExplainer.tsx:1:1
Export CHAMPION_POINTS doesn't exist in target module
> 1 | import { CHAMPION_POINTS, GROUP_POINTS, KNOCKOUT_POINTS } from '@/lib/logic/scoring';
    | ^^^^^^^^^^^^^^^^^^^^^^^^^^^^^^^^^^^^^^^^^^^^^^^^^^^^^^^^^^^^^^^^^^^^^^^^^^^^^^^^^^^^^
  2 |
  3 | type Variant = 'full' | 'knockout-only';
  4 |

The export CHAMPION_POINTS was not found in module [project]/src/lib/logic/scoring.ts [app-ssr] (ecmascript).
Did you mean to import WINNER_POINTS?
All exports of the module are statically known (It doesn't have dynamic exports). So it's known statically that the requested export doesn't exist.

Import traces:
  Client Component Browser:
    ./src/components/scoring/ScoringExplainer.tsx [Client Component Browser]
    ./src/components/ranking/RankingView.tsx [Client Component Browser]
    ./src/app/page.tsx [Client Component Browser]
    ./src/app/page.tsx [Server Component]

  Client Component SSR:
    ./src/components/scoring/ScoringExplainer.tsx [Client Component SSR]
    ./src/components/ranking/RankingView.tsx [Client Component SSR]
    ./src/app/page.tsx [Client Component SSR]
    ./src/app/page.tsx [Server Component] @ http://localhost:3000/_next/static/chunks/node_modules_next_dist_f3530cac._.js:3127
[  126511ms] [ERROR] ./src/components/bracket/KnockoutMatchCard.tsx:5:1
Export KNOCKOUT_POINTS doesn't exist in target module
  3 | import { KnockoutResult, LiveMatch } from '@/types';
  4 | import { teamsByCode } from '@/data/teams';
> 5 | import { KNOCKOUT_POINTS } from '@/lib/logic/scoring';
    | ^^^^^^^^^^^^^^^^^^^^^^^^^^^^^^^^^^^^^^^^^^^^^^^^^^^^^^
  6 | import { isPlaceholder, placeholderLabel } from '@/lib/logic/bracket';
  7 |
  8 | interface Props {

The export KNOCKOUT_POINTS was not found in module [project]/src/lib/logic/scoring.ts [app-client] (ecmascript).
Did you mean to import GROUP_POINTS?
All exports of the module are statically known (It doesn't have dynamic exports). So it's known statically that the requested export doesn't exist.

Import traces:
  Client Component Browser:
    ./src/components/bracket/KnockoutMatchCard.tsx [Client Component Browser]
    ./src/components/bracket/BracketView.tsx [Client Component Browser]
    ./src/app/page.tsx [Client Component Browser]
    ./src/app/page.tsx [Server Component]

  Client Component SSR:
    ./src/components/bracket/KnockoutMatchCard.tsx [Client Component SSR]
    ./src/components/bracket/BracketView.tsx [Client Component SSR]
    ./src/app/page.tsx [Client Component SSR]
    ./src/app/page.tsx [Server Component] @ http://localhost:3000/_next/static/chunks/node_modules_next_dist_f3530cac._.js:3127
[  126511ms] [ERROR] ./src/components/bracket/KnockoutMatchCard.tsx:5:1
Export KNOCKOUT_POINTS doesn't exist in target module
  3 | import { KnockoutResult, LiveMatch } from '@/types';
  4 | import { teamsByCode } from '@/data/teams';
> 5 | import { KNOCKOUT_POINTS } from '@/lib/logic/scoring';
    | ^^^^^^^^^^^^^^^^^^^^^^^^^^^^^^^^^^^^^^^^^^^^^^^^^^^^^^
  6 | import { isPlaceholder, placeholderLabel } from '@/lib/logic/bracket';
  7 |
  8 | interface Props {

The export KNOCKOUT_POINTS was not found in module [project]/src/lib/logic/scoring.ts [app-ssr] (ecmascript).
Did you mean to import GROUP_POINTS?
All exports of the module are statically known (It doesn't have dynamic exports). So it's known statically that the requested export doesn't exist.

Import traces:
  Client Component Browser:
    ./src/components/bracket/KnockoutMatchCard.tsx [Client Component Browser]
    ./src/components/bracket/BracketView.tsx [Client Component Browser]
    ./src/app/page.tsx [Client Component Browser]
    ./src/app/page.tsx [Server Component]

  Client Component SSR:
    ./src/components/bracket/KnockoutMatchCard.tsx [Client Component SSR]
    ./src/components/bracket/BracketView.tsx [Client Component SSR]
    ./src/app/page.tsx [Client Component SSR]
    ./src/app/page.tsx [Server Component] @ http://localhost:3000/_next/static/chunks/node_modules_next_dist_f3530cac._.js:3127
[  126511ms] [ERROR] ./src/components/ranking/UserPredictionsModal.tsx:8:1
Export KNOCKOUT_POINTS doesn't exist in target module
   6 | import { allGroupMatches } from '@/data/matches';
   7 | import { generateBracket } from '@/lib/logic/bracket';
>  8 | import { KNOCKOUT_POINTS, GROUP_POINTS, CHAMPION_POINTS } from '@/lib/logic/scoring';
     | ^^^^^^^^^^^^^^^^^^^^^^^^^^^^^^^^^^^^^^^^^^^^^^^^^^^^^^^^^^^^^^^^^^^^^^^^^^^^^^^^^^^^^
   9 | import type { KnockoutRound } from '@/types';
  10 |
  11 | interface Props {

The export KNOCKOUT_POINTS was not found in module [project]/src/lib/logic/scoring.ts [app-client] (ecmascript).
Did you mean to import GROUP_POINTS?
All exports of the module are statically known (It doesn't have dynamic exports). So it's known statically that the requested export doesn't exist.

Import traces:
  Client Component Browser:
    ./src/components/ranking/UserPredictionsModal.tsx [Client Component Browser]
    ./src/components/ranking/RankingView.tsx [Client Component Browser]
    ./src/app/page.tsx [Client Component Browser]
    ./src/app/page.tsx [Server Component]

  Client Component SSR:
    ./src/components/ranking/UserPredictionsModal.tsx [Client Component SSR]
    ./src/components/ranking/RankingView.tsx [Client Component SSR]
    ./src/app/page.tsx [Client Component SSR]
    ./src/app/page.tsx [Server Component] @ http://localhost:3000/_next/static/chunks/node_modules_next_dist_f3530cac._.js:3127
[  126511ms] [ERROR] ./src/components/ranking/UserPredictionsModal.tsx:8:1
Export KNOCKOUT_POINTS doesn't exist in target module
   6 | import { allGroupMatches } from '@/data/matches';
   7 | import { generateBracket } from '@/lib/logic/bracket';
>  8 | import { KNOCKOUT_POINTS, GROUP_POINTS, CHAMPION_POINTS } from '@/lib/logic/scoring';
     | ^^^^^^^^^^^^^^^^^^^^^^^^^^^^^^^^^^^^^^^^^^^^^^^^^^^^^^^^^^^^^^^^^^^^^^^^^^^^^^^^^^^^^
   9 | import type { KnockoutRound } from '@/types';
  10 |
  11 | interface Props {

The export KNOCKOUT_POINTS was not found in module [project]/src/lib/logic/scoring.ts [app-ssr] (ecmascript).
Did you mean to import GROUP_POINTS?
All exports of the module are statically known (It doesn't have dynamic exports). So it's known statically that the requested export doesn't exist.

Import traces:
  Client Component Browser:
    ./src/components/ranking/UserPredictionsModal.tsx [Client Component Browser]
    ./src/components/ranking/RankingView.tsx [Client Component Browser]
    ./src/app/page.tsx [Client Component Browser]
    ./src/app/page.tsx [Server Component]

  Client Component SSR:
    ./src/components/ranking/UserPredictionsModal.tsx [Client Component SSR]
    ./src/components/ranking/RankingView.tsx [Client Component SSR]
    ./src/app/page.tsx [Client Component SSR]
    ./src/app/page.tsx [Server Component] @ http://localhost:3000/_next/static/chunks/node_modules_next_dist_f3530cac._.js:3127
[  126511ms] [ERROR] ./src/components/scoring/ScoringExplainer.tsx:1:1
Export KNOCKOUT_POINTS doesn't exist in target module
> 1 | import { CHAMPION_POINTS, GROUP_POINTS, KNOCKOUT_POINTS } from '@/lib/logic/scoring';
    | ^^^^^^^^^^^^^^^^^^^^^^^^^^^^^^^^^^^^^^^^^^^^^^^^^^^^^^^^^^^^^^^^^^^^^^^^^^^^^^^^^^^^^
  2 |
  3 | type Variant = 'full' | 'knockout-only';
  4 |

The export KNOCKOUT_POINTS was not found in module [project]/src/lib/logic/scoring.ts [app-client] (ecmascript).
Did you mean to import GROUP_POINTS?
All exports of the module are statically known (It doesn't have dynamic exports). So it's known statically that the requested export doesn't exist.

Import traces:
  Client Component Browser:
    ./src/components/scoring/ScoringExplainer.tsx [Client Component Browser]
    ./src/components/ranking/RankingView.tsx [Client Component Browser]
    ./src/app/page.tsx [Client Component Browser]
    ./src/app/page.tsx [Server Component]

  Client Component SSR:
    ./src/components/scoring/ScoringExplainer.tsx [Client Component SSR]
    ./src/components/ranking/RankingView.tsx [Client Component SSR]
    ./src/app/page.tsx [Client Component SSR]
    ./src/app/page.tsx [Server Component] @ http://localhost:3000/_next/static/chunks/node_modules_next_dist_f3530cac._.js:3127
[  126512ms] [ERROR] ./src/components/scoring/ScoringExplainer.tsx:1:1
Export KNOCKOUT_POINTS doesn't exist in target module
> 1 | import { CHAMPION_POINTS, GROUP_POINTS, KNOCKOUT_POINTS } from '@/lib/logic/scoring';
    | ^^^^^^^^^^^^^^^^^^^^^^^^^^^^^^^^^^^^^^^^^^^^^^^^^^^^^^^^^^^^^^^^^^^^^^^^^^^^^^^^^^^^^
  2 |
  3 | type Variant = 'full' | 'knockout-only';
  4 |

The export KNOCKOUT_POINTS was not found in module [project]/src/lib/logic/scoring.ts [app-ssr] (ecmascript).
Did you mean to import GROUP_POINTS?
All exports of the module are statically known (It doesn't have dynamic exports). So it's known statically that the requested export doesn't exist.

Import traces:
  Client Component Browser:
    ./src/components/scoring/ScoringExplainer.tsx [Client Component Browser]
    ./src/components/ranking/RankingView.tsx [Client Component Browser]
    ./src/app/page.tsx [Client Component Browser]
    ./src/app/page.tsx [Server Component]

  Client Component SSR:
    ./src/components/scoring/ScoringExplainer.tsx [Client Component SSR]
    ./src/components/ranking/RankingView.tsx [Client Component SSR]
    ./src/app/page.tsx [Client Component SSR]
    ./src/app/page.tsx [Server Component] @ http://localhost:3000/_next/static/chunks/node_modules_next_dist_f3530cac._.js:3127
[  126556ms] [LOG] [Fast Refresh] rebuilding @ http://localhost:3000/_next/static/chunks/node_modules_next_dist_f3530cac._.js:2297
[  137714ms] [ERROR] ./src/components/ranking/UserPredictionsModal.tsx:8:1
Export CHAMPION_POINTS doesn't exist in target module
   6 | import { allGroupMatches } from '@/data/matches';
   7 | import { generateBracket } from '@/lib/logic/bracket';
>  8 | import { KNOCKOUT_POINTS, GROUP_POINTS, CHAMPION_POINTS } from '@/lib/logic/scoring';
     | ^^^^^^^^^^^^^^^^^^^^^^^^^^^^^^^^^^^^^^^^^^^^^^^^^^^^^^^^^^^^^^^^^^^^^^^^^^^^^^^^^^^^^
   9 | import type { KnockoutRound } from '@/types';
  10 |
  11 | interface Props {

The export CHAMPION_POINTS was not found in module [project]/src/lib/logic/scoring.ts [app-client] (ecmascript).
Did you mean to import WINNER_POINTS?
All exports of the module are statically known (It doesn't have dynamic exports). So it's known statically that the requested export doesn't exist.

Import traces:
  Client Component Browser:
    ./src/components/ranking/UserPredictionsModal.tsx [Client Component Browser]
    ./src/components/ranking/RankingView.tsx [Client Component Browser]
    ./src/app/page.tsx [Client Component Browser]
    ./src/app/page.tsx [Server Component]

  Client Component SSR:
    ./src/components/ranking/UserPredictionsModal.tsx [Client Component SSR]
    ./src/components/ranking/RankingView.tsx [Client Component SSR]
    ./src/app/page.tsx [Client Component SSR]
    ./src/app/page.tsx [Server Component] @ http://localhost:3000/_next/static/chunks/node_modules_next_dist_f3530cac._.js:3127
[  137714ms] [ERROR] ./src/components/ranking/UserPredictionsModal.tsx:8:1
Export CHAMPION_POINTS doesn't exist in target module
   6 | import { allGroupMatches } from '@/data/matches';
   7 | import { generateBracket } from '@/lib/logic/bracket';
>  8 | import { KNOCKOUT_POINTS, GROUP_POINTS, CHAMPION_POINTS } from '@/lib/logic/scoring';
     | ^^^^^^^^^^^^^^^^^^^^^^^^^^^^^^^^^^^^^^^^^^^^^^^^^^^^^^^^^^^^^^^^^^^^^^^^^^^^^^^^^^^^^
   9 | import type { KnockoutRound } from '@/types';
  10 |
  11 | interface Props {

The export CHAMPION_POINTS was not found in module [project]/src/lib/logic/scoring.ts [app-ssr] (ecmascript).
Did you mean to import WINNER_POINTS?
All exports of the module are statically known (It doesn't have dynamic exports). So it's known statically that the requested export doesn't exist.

Import traces:
  Client Component Browser:
    ./src/components/ranking/UserPredictionsModal.tsx [Client Component Browser]
    ./src/components/ranking/RankingView.tsx [Client Component Browser]
    ./src/app/page.tsx [Client Component Browser]
    ./src/app/page.tsx [Server Component]

  Client Component SSR:
    ./src/components/ranking/UserPredictionsModal.tsx [Client Component SSR]
    ./src/components/ranking/RankingView.tsx [Client Component SSR]
    ./src/app/page.tsx [Client Component SSR]
    ./src/app/page.tsx [Server Component] @ http://localhost:3000/_next/static/chunks/node_modules_next_dist_f3530cac._.js:3127
[  137714ms] [ERROR] ./src/components/scoring/ScoringExplainer.tsx:1:1
Export CHAMPION_POINTS doesn't exist in target module
> 1 | import { CHAMPION_POINTS, GROUP_POINTS, KNOCKOUT_POINTS } from '@/lib/logic/scoring';
    | ^^^^^^^^^^^^^^^^^^^^^^^^^^^^^^^^^^^^^^^^^^^^^^^^^^^^^^^^^^^^^^^^^^^^^^^^^^^^^^^^^^^^^
  2 |
  3 | type Variant = 'full' | 'knockout-only';
  4 |

The export CHAMPION_POINTS was not found in module [project]/src/lib/logic/scoring.ts [app-client] (ecmascript).
Did you mean to import WINNER_POINTS?
All exports of the module are statically known (It doesn't have dynamic exports). So it's known statically that the requested export doesn't exist.

Import traces:
  Client Component Browser:
    ./src/components/scoring/ScoringExplainer.tsx [Client Component Browser]
    ./src/components/ranking/RankingView.tsx [Client Component Browser]
    ./src/app/page.tsx [Client Component Browser]
    ./src/app/page.tsx [Server Component]

  Client Component SSR:
    ./src/components/scoring/ScoringExplainer.tsx [Client Component SSR]
    ./src/components/ranking/RankingView.tsx [Client Component SSR]
    ./src/app/page.tsx [Client Component SSR]
    ./src/app/page.tsx [Server Component] @ http://localhost:3000/_next/static/chunks/node_modules_next_dist_f3530cac._.js:3127
[  137714ms] [ERROR] ./src/components/scoring/ScoringExplainer.tsx:1:1
Export CHAMPION_POINTS doesn't exist in target module
> 1 | import { CHAMPION_POINTS, GROUP_POINTS, KNOCKOUT_POINTS } from '@/lib/logic/scoring';
    | ^^^^^^^^^^^^^^^^^^^^^^^^^^^^^^^^^^^^^^^^^^^^^^^^^^^^^^^^^^^^^^^^^^^^^^^^^^^^^^^^^^^^^
  2 |
  3 | type Variant = 'full' | 'knockout-only';
  4 |

The export CHAMPION_POINTS was not found in module [project]/src/lib/logic/scoring.ts [app-ssr] (ecmascript).
Did you mean to import WINNER_POINTS?
All exports of the module are statically known (It doesn't have dynamic exports). So it's known statically that the requested export doesn't exist.

Import traces:
  Client Component Browser:
    ./src/components/scoring/ScoringExplainer.tsx [Client Component Browser]
    ./src/components/ranking/RankingView.tsx [Client Component Browser]
    ./src/app/page.tsx [Client Component Browser]
    ./src/app/page.tsx [Server Component]

  Client Component SSR:
    ./src/components/scoring/ScoringExplainer.tsx [Client Component SSR]
    ./src/components/ranking/RankingView.tsx [Client Component SSR]
    ./src/app/page.tsx [Client Component SSR]
    ./src/app/page.tsx [Server Component] @ http://localhost:3000/_next/static/chunks/node_modules_next_dist_f3530cac._.js:3127
[  137714ms] [ERROR] ./src/components/bracket/KnockoutMatchCard.tsx:5:1
Export KNOCKOUT_POINTS doesn't exist in target module
  3 | import { KnockoutResult, LiveMatch } from '@/types';
  4 | import { teamsByCode } from '@/data/teams';
> 5 | import { KNOCKOUT_POINTS } from '@/lib/logic/scoring';
    | ^^^^^^^^^^^^^^^^^^^^^^^^^^^^^^^^^^^^^^^^^^^^^^^^^^^^^^
  6 | import { isPlaceholder, placeholderLabel } from '@/lib/logic/bracket';
  7 |
  8 | interface Props {

The export KNOCKOUT_POINTS was not found in module [project]/src/lib/logic/scoring.ts [app-client] (ecmascript).
Did you mean to import GROUP_POINTS?
All exports of the module are statically known (It doesn't have dynamic exports). So it's known statically that the requested export doesn't exist.

Import traces:
  Client Component Browser:
    ./src/components/bracket/KnockoutMatchCard.tsx [Client Component Browser]
    ./src/components/bracket/BracketView.tsx [Client Component Browser]
    ./src/app/page.tsx [Client Component Browser]
    ./src/app/page.tsx [Server Component]

  Client Component SSR:
    ./src/components/bracket/KnockoutMatchCard.tsx [Client Component SSR]
    ./src/components/bracket/BracketView.tsx [Client Component SSR]
    ./src/app/page.tsx [Client Component SSR]
    ./src/app/page.tsx [Server Component] @ http://localhost:3000/_next/static/chunks/node_modules_next_dist_f3530cac._.js:3127
[  137715ms] [ERROR] ./src/components/bracket/KnockoutMatchCard.tsx:5:1
Export KNOCKOUT_POINTS doesn't exist in target module
  3 | import { KnockoutResult, LiveMatch } from '@/types';
  4 | import { teamsByCode } from '@/data/teams';
> 5 | import { KNOCKOUT_POINTS } from '@/lib/logic/scoring';
    | ^^^^^^^^^^^^^^^^^^^^^^^^^^^^^^^^^^^^^^^^^^^^^^^^^^^^^^
  6 | import { isPlaceholder, placeholderLabel } from '@/lib/logic/bracket';
  7 |
  8 | interface Props {

The export KNOCKOUT_POINTS was not found in module [project]/src/lib/logic/scoring.ts [app-ssr] (ecmascript).
Did you mean to import GROUP_POINTS?
All exports of the module are statically known (It doesn't have dynamic exports). So it's known statically that the requested export doesn't exist.

Import traces:
  Client Component Browser:
    ./src/components/bracket/KnockoutMatchCard.tsx [Client Component Browser]
    ./src/components/bracket/BracketView.tsx [Client Component Browser]
    ./src/app/page.tsx [Client Component Browser]
    ./src/app/page.tsx [Server Component]

  Client Component SSR:
    ./src/components/bracket/KnockoutMatchCard.tsx [Client Component SSR]
    ./src/components/bracket/BracketView.tsx [Client Component SSR]
    ./src/app/page.tsx [Client Component SSR]
    ./src/app/page.tsx [Server Component] @ http://localhost:3000/_next/static/chunks/node_modules_next_dist_f3530cac._.js:3127
[  137715ms] [ERROR] ./src/components/ranking/UserPredictionsModal.tsx:8:1
Export KNOCKOUT_POINTS doesn't exist in target module
   6 | import { allGroupMatches } from '@/data/matches';
   7 | import { generateBracket } from '@/lib/logic/bracket';
>  8 | import { KNOCKOUT_POINTS, GROUP_POINTS, CHAMPION_POINTS } from '@/lib/logic/scoring';
     | ^^^^^^^^^^^^^^^^^^^^^^^^^^^^^^^^^^^^^^^^^^^^^^^^^^^^^^^^^^^^^^^^^^^^^^^^^^^^^^^^^^^^^
   9 | import type { KnockoutRound } from '@/types';
  10 |
  11 | interface Props {

The export KNOCKOUT_POINTS was not found in module [project]/src/lib/logic/scoring.ts [app-client] (ecmascript).
Did you mean to import GROUP_POINTS?
All exports of the module are statically known (It doesn't have dynamic exports). So it's known statically that the requested export doesn't exist.

Import traces:
  Client Component Browser:
    ./src/components/ranking/UserPredictionsModal.tsx [Client Component Browser]
    ./src/components/ranking/RankingView.tsx [Client Component Browser]
    ./src/app/page.tsx [Client Component Browser]
    ./src/app/page.tsx [Server Component]

  Client Component SSR:
    ./src/components/ranking/UserPredictionsModal.tsx [Client Component SSR]
    ./src/components/ranking/RankingView.tsx [Client Component SSR]
    ./src/app/page.tsx [Client Component SSR]
    ./src/app/page.tsx [Server Component] @ http://localhost:3000/_next/static/chunks/node_modules_next_dist_f3530cac._.js:3127
[  137715ms] [ERROR] ./src/components/ranking/UserPredictionsModal.tsx:8:1
Export KNOCKOUT_POINTS doesn't exist in target module
   6 | import { allGroupMatches } from '@/data/matches';
   7 | import { generateBracket } from '@/lib/logic/bracket';
>  8 | import { KNOCKOUT_POINTS, GROUP_POINTS, CHAMPION_POINTS } from '@/lib/logic/scoring';
     | ^^^^^^^^^^^^^^^^^^^^^^^^^^^^^^^^^^^^^^^^^^^^^^^^^^^^^^^^^^^^^^^^^^^^^^^^^^^^^^^^^^^^^
   9 | import type { KnockoutRound } from '@/types';
  10 |
  11 | interface Props {

The export KNOCKOUT_POINTS was not found in module [project]/src/lib/logic/scoring.ts [app-ssr] (ecmascript).
Did you mean to import GROUP_POINTS?
All exports of the module are statically known (It doesn't have dynamic exports). So it's known statically that the requested export doesn't exist.

Import traces:
  Client Component Browser:
    ./src/components/ranking/UserPredictionsModal.tsx [Client Component Browser]
    ./src/components/ranking/RankingView.tsx [Client Component Browser]
    ./src/app/page.tsx [Client Component Browser]
    ./src/app/page.tsx [Server Component]

  Client Component SSR:
    ./src/components/ranking/UserPredictionsModal.tsx [Client Component SSR]
    ./src/components/ranking/RankingView.tsx [Client Component SSR]
    ./src/app/page.tsx [Client Component SSR]
    ./src/app/page.tsx [Server Component] @ http://localhost:3000/_next/static/chunks/node_modules_next_dist_f3530cac._.js:3127
[  137715ms] [ERROR] ./src/components/scoring/ScoringExplainer.tsx:1:1
Export KNOCKOUT_POINTS doesn't exist in target module
> 1 | import { CHAMPION_POINTS, GROUP_POINTS, KNOCKOUT_POINTS } from '@/lib/logic/scoring';
    | ^^^^^^^^^^^^^^^^^^^^^^^^^^^^^^^^^^^^^^^^^^^^^^^^^^^^^^^^^^^^^^^^^^^^^^^^^^^^^^^^^^^^^
  2 |
  3 | type Variant = 'full' | 'knockout-only';
  4 |

The export KNOCKOUT_POINTS was not found in module [project]/src/lib/logic/scoring.ts [app-client] (ecmascript).
Did you mean to import GROUP_POINTS?
All exports of the module are statically known (It doesn't have dynamic exports). So it's known statically that the requested export doesn't exist.

Import traces:
  Client Component Browser:
    ./src/components/scoring/ScoringExplainer.tsx [Client Component Browser]
    ./src/components/ranking/RankingView.tsx [Client Component Browser]
    ./src/app/page.tsx [Client Component Browser]
    ./src/app/page.tsx [Server Component]

  Client Component SSR:
    ./src/components/scoring/ScoringExplainer.tsx [Client Component SSR]
    ./src/components/ranking/RankingView.tsx [Client Component SSR]
    ./src/app/page.tsx [Client Component SSR]
    ./src/app/page.tsx [Server Component] @ http://localhost:3000/_next/static/chunks/node_modules_next_dist_f3530cac._.js:3127
[  137715ms] [ERROR] ./src/components/scoring/ScoringExplainer.tsx:1:1
Export KNOCKOUT_POINTS doesn't exist in target module
> 1 | import { CHAMPION_POINTS, GROUP_POINTS, KNOCKOUT_POINTS } from '@/lib/logic/scoring';
    | ^^^^^^^^^^^^^^^^^^^^^^^^^^^^^^^^^^^^^^^^^^^^^^^^^^^^^^^^^^^^^^^^^^^^^^^^^^^^^^^^^^^^^
  2 |
  3 | type Variant = 'full' | 'knockout-only';
  4 |

The export KNOCKOUT_POINTS was not found in module [project]/src/lib/logic/scoring.ts [app-ssr] (ecmascript).
Did you mean to import GROUP_POINTS?
All exports of the module are statically known (It doesn't have dynamic exports). So it's known statically that the requested export doesn't exist.

Import traces:
  Client Component Browser:
    ./src/components/scoring/ScoringExplainer.tsx [Client Component Browser]
    ./src/components/ranking/RankingView.tsx [Client Component Browser]
    ./src/app/page.tsx [Client Component Browser]
    ./src/app/page.tsx [Server Component]

  Client Component SSR:
    ./src/components/scoring/ScoringExplainer.tsx [Client Component SSR]
    ./src/components/ranking/RankingView.tsx [Client Component SSR]
    ./src/app/page.tsx [Client Component SSR]
    ./src/app/page.tsx [Server Component] @ http://localhost:3000/_next/static/chunks/node_modules_next_dist_f3530cac._.js:3127
[  137756ms] [LOG] [Fast Refresh] rebuilding @ http://localhost:3000/_next/static/chunks/node_modules_next_dist_f3530cac._.js:2297
[  146752ms] [ERROR] ./src/components/ranking/UserPredictionsModal.tsx:8:1
Export CHAMPION_POINTS doesn't exist in target module
   6 | import { allGroupMatches } from '@/data/matches';
   7 | import { generateBracket } from '@/lib/logic/bracket';
>  8 | import { KNOCKOUT_POINTS, GROUP_POINTS, CHAMPION_POINTS } from '@/lib/logic/scoring';
     | ^^^^^^^^^^^^^^^^^^^^^^^^^^^^^^^^^^^^^^^^^^^^^^^^^^^^^^^^^^^^^^^^^^^^^^^^^^^^^^^^^^^^^
   9 | import type { KnockoutRound } from '@/types';
  10 |
  11 | interface Props {

The export CHAMPION_POINTS was not found in module [project]/src/lib/logic/scoring.ts [app-client] (ecmascript).
Did you mean to import WINNER_POINTS?
All exports of the module are statically known (It doesn't have dynamic exports). So it's known statically that the requested export doesn't exist.

Import traces:
  Client Component Browser:
    ./src/components/ranking/UserPredictionsModal.tsx [Client Component Browser]
    ./src/components/ranking/RankingView.tsx [Client Component Browser]
    ./src/app/page.tsx [Client Component Browser]
    ./src/app/page.tsx [Server Component]

  Client Component SSR:
    ./src/components/ranking/UserPredictionsModal.tsx [Client Component SSR]
    ./src/components/ranking/RankingView.tsx [Client Component SSR]
    ./src/app/page.tsx [Client Component SSR]
    ./src/app/page.tsx [Server Component] @ http://localhost:3000/_next/static/chunks/node_modules_next_dist_f3530cac._.js:3127
[  146753ms] [ERROR] ./src/components/ranking/UserPredictionsModal.tsx:8:1
Export CHAMPION_POINTS doesn't exist in target module
   6 | import { allGroupMatches } from '@/data/matches';
   7 | import { generateBracket } from '@/lib/logic/bracket';
>  8 | import { KNOCKOUT_POINTS, GROUP_POINTS, CHAMPION_POINTS } from '@/lib/logic/scoring';
     | ^^^^^^^^^^^^^^^^^^^^^^^^^^^^^^^^^^^^^^^^^^^^^^^^^^^^^^^^^^^^^^^^^^^^^^^^^^^^^^^^^^^^^
   9 | import type { KnockoutRound } from '@/types';
  10 |
  11 | interface Props {

The export CHAMPION_POINTS was not found in module [project]/src/lib/logic/scoring.ts [app-ssr] (ecmascript).
Did you mean to import WINNER_POINTS?
All exports of the module are statically known (It doesn't have dynamic exports). So it's known statically that the requested export doesn't exist.

Import traces:
  Client Component Browser:
    ./src/components/ranking/UserPredictionsModal.tsx [Client Component Browser]
    ./src/components/ranking/RankingView.tsx [Client Component Browser]
    ./src/app/page.tsx [Client Component Browser]
    ./src/app/page.tsx [Server Component]

  Client Component SSR:
    ./src/components/ranking/UserPredictionsModal.tsx [Client Component SSR]
    ./src/components/ranking/RankingView.tsx [Client Component SSR]
    ./src/app/page.tsx [Client Component SSR]
    ./src/app/page.tsx [Server Component] @ http://localhost:3000/_next/static/chunks/node_modules_next_dist_f3530cac._.js:3127
[  146753ms] [ERROR] ./src/components/scoring/ScoringExplainer.tsx:1:1
Export CHAMPION_POINTS doesn't exist in target module
> 1 | import { CHAMPION_POINTS, GROUP_POINTS, KNOCKOUT_POINTS } from '@/lib/logic/scoring';
    | ^^^^^^^^^^^^^^^^^^^^^^^^^^^^^^^^^^^^^^^^^^^^^^^^^^^^^^^^^^^^^^^^^^^^^^^^^^^^^^^^^^^^^
  2 |
  3 | type Variant = 'full' | 'knockout-only';
  4 |

The export CHAMPION_POINTS was not found in module [project]/src/lib/logic/scoring.ts [app-client] (ecmascript).
Did you mean to import WINNER_POINTS?
All exports of the module are statically known (It doesn't have dynamic exports). So it's known statically that the requested export doesn't exist.

Import traces:
  Client Component Browser:
    ./src/components/scoring/ScoringExplainer.tsx [Client Component Browser]
    ./src/components/ranking/RankingView.tsx [Client Component Browser]
    ./src/app/page.tsx [Client Component Browser]
    ./src/app/page.tsx [Server Component]

  Client Component SSR:
    ./src/components/scoring/ScoringExplainer.tsx [Client Component SSR]
    ./src/components/ranking/RankingView.tsx [Client Component SSR]
    ./src/app/page.tsx [Client Component SSR]
    ./src/app/page.tsx [Server Component] @ http://localhost:3000/_next/static/chunks/node_modules_next_dist_f3530cac._.js:3127
[  146753ms] [ERROR] ./src/components/scoring/ScoringExplainer.tsx:1:1
Export CHAMPION_POINTS doesn't exist in target module
> 1 | import { CHAMPION_POINTS, GROUP_POINTS, KNOCKOUT_POINTS } from '@/lib/logic/scoring';
    | ^^^^^^^^^^^^^^^^^^^^^^^^^^^^^^^^^^^^^^^^^^^^^^^^^^^^^^^^^^^^^^^^^^^^^^^^^^^^^^^^^^^^^
  2 |
  3 | type Variant = 'full' | 'knockout-only';
  4 |

The export CHAMPION_POINTS was not found in module [project]/src/lib/logic/scoring.ts [app-ssr] (ecmascript).
Did you mean to import WINNER_POINTS?
All exports of the module are statically known (It doesn't have dynamic exports). So it's known statically that the requested export doesn't exist.

Import traces:
  Client Component Browser:
    ./src/components/scoring/ScoringExplainer.tsx [Client Component Browser]
    ./src/components/ranking/RankingView.tsx [Client Component Browser]
    ./src/app/page.tsx [Client Component Browser]
    ./src/app/page.tsx [Server Component]

  Client Component SSR:
    ./src/components/scoring/ScoringExplainer.tsx [Client Component SSR]
    ./src/components/ranking/RankingView.tsx [Client Component SSR]
    ./src/app/page.tsx [Client Component SSR]
    ./src/app/page.tsx [Server Component] @ http://localhost:3000/_next/static/chunks/node_modules_next_dist_f3530cac._.js:3127
[  146753ms] [ERROR] ./src/components/bracket/KnockoutMatchCard.tsx:5:1
Export KNOCKOUT_POINTS doesn't exist in target module
  3 | import { KnockoutResult, LiveMatch } from '@/types';
  4 | import { teamsByCode } from '@/data/teams';
> 5 | import { KNOCKOUT_POINTS } from '@/lib/logic/scoring';
    | ^^^^^^^^^^^^^^^^^^^^^^^^^^^^^^^^^^^^^^^^^^^^^^^^^^^^^^
  6 | import { isPlaceholder, placeholderLabel } from '@/lib/logic/bracket';
  7 |
  8 | interface Props {

The export KNOCKOUT_POINTS was not found in module [project]/src/lib/logic/scoring.ts [app-client] (ecmascript).
Did you mean to import GROUP_POINTS?
All exports of the module are statically known (It doesn't have dynamic exports). So it's known statically that the requested export doesn't exist.

Import traces:
  Client Component Browser:
    ./src/components/bracket/KnockoutMatchCard.tsx [Client Component Browser]
    ./src/components/bracket/BracketView.tsx [Client Component Browser]
    ./src/app/page.tsx [Client Component Browser]
    ./src/app/page.tsx [Server Component]

  Client Component SSR:
    ./src/components/bracket/KnockoutMatchCard.tsx [Client Component SSR]
    ./src/components/bracket/BracketView.tsx [Client Component SSR]
    ./src/app/page.tsx [Client Component SSR]
    ./src/app/page.tsx [Server Component] @ http://localhost:3000/_next/static/chunks/node_modules_next_dist_f3530cac._.js:3127
[  146753ms] [ERROR] ./src/components/bracket/KnockoutMatchCard.tsx:5:1
Export KNOCKOUT_POINTS doesn't exist in target module
  3 | import { KnockoutResult, LiveMatch } from '@/types';
  4 | import { teamsByCode } from '@/data/teams';
> 5 | import { KNOCKOUT_POINTS } from '@/lib/logic/scoring';
    | ^^^^^^^^^^^^^^^^^^^^^^^^^^^^^^^^^^^^^^^^^^^^^^^^^^^^^^
  6 | import { isPlaceholder, placeholderLabel } from '@/lib/logic/bracket';
  7 |
  8 | interface Props {

The export KNOCKOUT_POINTS was not found in module [project]/src/lib/logic/scoring.ts [app-ssr] (ecmascript).
Did you mean to import GROUP_POINTS?
All exports of the module are statically known (It doesn't have dynamic exports). So it's known statically that the requested export doesn't exist.

Import traces:
  Client Component Browser:
    ./src/components/bracket/KnockoutMatchCard.tsx [Client Component Browser]
    ./src/components/bracket/BracketView.tsx [Client Component Browser]
    ./src/app/page.tsx [Client Component Browser]
    ./src/app/page.tsx [Server Component]

  Client Component SSR:
    ./src/components/bracket/KnockoutMatchCard.tsx [Client Component SSR]
    ./src/components/bracket/BracketView.tsx [Client Component SSR]
    ./src/app/page.tsx [Client Component SSR]
    ./src/app/page.tsx [Server Component] @ http://localhost:3000/_next/static/chunks/node_modules_next_dist_f3530cac._.js:3127
[  146753ms] [ERROR] ./src/components/ranking/UserPredictionsModal.tsx:8:1
Export KNOCKOUT_POINTS doesn't exist in target module
   6 | import { allGroupMatches } from '@/data/matches';
   7 | import { generateBracket } from '@/lib/logic/bracket';
>  8 | import { KNOCKOUT_POINTS, GROUP_POINTS, CHAMPION_POINTS } from '@/lib/logic/scoring';
     | ^^^^^^^^^^^^^^^^^^^^^^^^^^^^^^^^^^^^^^^^^^^^^^^^^^^^^^^^^^^^^^^^^^^^^^^^^^^^^^^^^^^^^
   9 | import type { KnockoutRound } from '@/types';
  10 |
  11 | interface Props {

The export KNOCKOUT_POINTS was not found in module [project]/src/lib/logic/scoring.ts [app-client] (ecmascript).
Did you mean to import GROUP_POINTS?
All exports of the module are statically known (It doesn't have dynamic exports). So it's known statically that the requested export doesn't exist.

Import traces:
  Client Component Browser:
    ./src/components/ranking/UserPredictionsModal.tsx [Client Component Browser]
    ./src/components/ranking/RankingView.tsx [Client Component Browser]
    ./src/app/page.tsx [Client Component Browser]
    ./src/app/page.tsx [Server Component]

  Client Component SSR:
    ./src/components/ranking/UserPredictionsModal.tsx [Client Component SSR]
    ./src/components/ranking/RankingView.tsx [Client Component SSR]
    ./src/app/page.tsx [Client Component SSR]
    ./src/app/page.tsx [Server Component] @ http://localhost:3000/_next/static/chunks/node_modules_next_dist_f3530cac._.js:3127
[  146753ms] [ERROR] ./src/components/ranking/UserPredictionsModal.tsx:8:1
Export KNOCKOUT_POINTS doesn't exist in target module
   6 | import { allGroupMatches } from '@/data/matches';
   7 | import { generateBracket } from '@/lib/logic/bracket';
>  8 | import { KNOCKOUT_POINTS, GROUP_POINTS, CHAMPION_POINTS } from '@/lib/logic/scoring';
     | ^^^^^^^^^^^^^^^^^^^^^^^^^^^^^^^^^^^^^^^^^^^^^^^^^^^^^^^^^^^^^^^^^^^^^^^^^^^^^^^^^^^^^
   9 | import type { KnockoutRound } from '@/types';
  10 |
  11 | interface Props {

The export KNOCKOUT_POINTS was not found in module [project]/src/lib/logic/scoring.ts [app-ssr] (ecmascript).
Did you mean to import GROUP_POINTS?
All exports of the module are statically known (It doesn't have dynamic exports). So it's known statically that the requested export doesn't exist.

Import traces:
  Client Component Browser:
    ./src/components/ranking/UserPredictionsModal.tsx [Client Component Browser]
    ./src/components/ranking/RankingView.tsx [Client Component Browser]
    ./src/app/page.tsx [Client Component Browser]
    ./src/app/page.tsx [Server Component]

  Client Component SSR:
    ./src/components/ranking/UserPredictionsModal.tsx [Client Component SSR]
    ./src/components/ranking/RankingView.tsx [Client Component SSR]
    ./src/app/page.tsx [Client Component SSR]
    ./src/app/page.tsx [Server Component] @ http://localhost:3000/_next/static/chunks/node_modules_next_dist_f3530cac._.js:3127
[  146753ms] [ERROR] ./src/components/scoring/ScoringExplainer.tsx:1:1
Export KNOCKOUT_POINTS doesn't exist in target module
> 1 | import { CHAMPION_POINTS, GROUP_POINTS, KNOCKOUT_POINTS } from '@/lib/logic/scoring';
    | ^^^^^^^^^^^^^^^^^^^^^^^^^^^^^^^^^^^^^^^^^^^^^^^^^^^^^^^^^^^^^^^^^^^^^^^^^^^^^^^^^^^^^
  2 |
  3 | type Variant = 'full' | 'knockout-only';
  4 |

The export KNOCKOUT_POINTS was not found in module [project]/src/lib/logic/scoring.ts [app-client] (ecmascript).
Did you mean to import GROUP_POINTS?
All exports of the module are statically known (It doesn't have dynamic exports). So it's known statically that the requested export doesn't exist.

Import traces:
  Client Component Browser:
    ./src/components/scoring/ScoringExplainer.tsx [Client Component Browser]
    ./src/components/ranking/RankingView.tsx [Client Component Browser]
    ./src/app/page.tsx [Client Component Browser]
    ./src/app/page.tsx [Server Component]

  Client Component SSR:
    ./src/components/scoring/ScoringExplainer.tsx [Client Component SSR]
    ./src/components/ranking/RankingView.tsx [Client Component SSR]
    ./src/app/page.tsx [Client Component SSR]
    ./src/app/page.tsx [Server Component] @ http://localhost:3000/_next/static/chunks/node_modules_next_dist_f3530cac._.js:3127
[  146753ms] [ERROR] ./src/components/scoring/ScoringExplainer.tsx:1:1
Export KNOCKOUT_POINTS doesn't exist in target module
> 1 | import { CHAMPION_POINTS, GROUP_POINTS, KNOCKOUT_POINTS } from '@/lib/logic/scoring';
    | ^^^^^^^^^^^^^^^^^^^^^^^^^^^^^^^^^^^^^^^^^^^^^^^^^^^^^^^^^^^^^^^^^^^^^^^^^^^^^^^^^^^^^
  2 |
  3 | type Variant = 'full' | 'knockout-only';
  4 |

The export KNOCKOUT_POINTS was not found in module [project]/src/lib/logic/scoring.ts [app-ssr] (ecmascript).
Did you mean to import GROUP_POINTS?
All exports of the module are statically known (It doesn't have dynamic exports). So it's known statically that the requested export doesn't exist.

Import traces:
  Client Component Browser:
    ./src/components/scoring/ScoringExplainer.tsx [Client Component Browser]
    ./src/components/ranking/RankingView.tsx [Client Component Browser]
    ./src/app/page.tsx [Client Component Browser]
    ./src/app/page.tsx [Server Component]

  Client Component SSR:
    ./src/components/scoring/ScoringExplainer.tsx [Client Component SSR]
    ./src/components/ranking/RankingView.tsx [Client Component SSR]
    ./src/app/page.tsx [Client Component SSR]
    ./src/app/page.tsx [Server Component] @ http://localhost:3000/_next/static/chunks/node_modules_next_dist_f3530cac._.js:3127
[  146808ms] [LOG] [Fast Refresh] rebuilding @ http://localhost:3000/_next/static/chunks/node_modules_next_dist_f3530cac._.js:2297
[  156833ms] [ERROR] ./src/components/ranking/UserPredictionsModal.tsx:8:1
Export CHAMPION_POINTS doesn't exist in target module
   6 | import { allGroupMatches } from '@/data/matches';
   7 | import { generateBracket } from '@/lib/logic/bracket';
>  8 | import { KNOCKOUT_POINTS, GROUP_POINTS, CHAMPION_POINTS } from '@/lib/logic/scoring';
     | ^^^^^^^^^^^^^^^^^^^^^^^^^^^^^^^^^^^^^^^^^^^^^^^^^^^^^^^^^^^^^^^^^^^^^^^^^^^^^^^^^^^^^
   9 | import type { KnockoutRound } from '@/types';
  10 |
  11 | interface Props {

The export CHAMPION_POINTS was not found in module [project]/src/lib/logic/scoring.ts [app-client] (ecmascript).
Did you mean to import WINNER_POINTS?
All exports of the module are statically known (It doesn't have dynamic exports). So it's known statically that the requested export doesn't exist.

Import traces:
  Client Component Browser:
    ./src/components/ranking/UserPredictionsModal.tsx [Client Component Browser]
    ./src/components/ranking/RankingView.tsx [Client Component Browser]
    ./src/app/page.tsx [Client Component Browser]
    ./src/app/page.tsx [Server Component]

  Client Component SSR:
    ./src/components/ranking/UserPredictionsModal.tsx [Client Component SSR]
    ./src/components/ranking/RankingView.tsx [Client Component SSR]
    ./src/app/page.tsx [Client Component SSR]
    ./src/app/page.tsx [Server Component] @ http://localhost:3000/_next/static/chunks/node_modules_next_dist_f3530cac._.js:3127
[  156833ms] [ERROR] ./src/components/ranking/UserPredictionsModal.tsx:8:1
Export CHAMPION_POINTS doesn't exist in target module
   6 | import { allGroupMatches } from '@/data/matches';
   7 | import { generateBracket } from '@/lib/logic/bracket';
>  8 | import { KNOCKOUT_POINTS, GROUP_POINTS, CHAMPION_POINTS } from '@/lib/logic/scoring';
     | ^^^^^^^^^^^^^^^^^^^^^^^^^^^^^^^^^^^^^^^^^^^^^^^^^^^^^^^^^^^^^^^^^^^^^^^^^^^^^^^^^^^^^
   9 | import type { KnockoutRound } from '@/types';
  10 |
  11 | interface Props {

The export CHAMPION_POINTS was not found in module [project]/src/lib/logic/scoring.ts [app-ssr] (ecmascript).
Did you mean to import WINNER_POINTS?
All exports of the module are statically known (It doesn't have dynamic exports). So it's known statically that the requested export doesn't exist.

Import traces:
  Client Component Browser:
    ./src/components/ranking/UserPredictionsModal.tsx [Client Component Browser]
    ./src/components/ranking/RankingView.tsx [Client Component Browser]
    ./src/app/page.tsx [Client Component Browser]
    ./src/app/page.tsx [Server Component]

  Client Component SSR:
    ./src/components/ranking/UserPredictionsModal.tsx [Client Component SSR]
    ./src/components/ranking/RankingView.tsx [Client Component SSR]
    ./src/app/page.tsx [Client Component SSR]
    ./src/app/page.tsx [Server Component] @ http://localhost:3000/_next/static/chunks/node_modules_next_dist_f3530cac._.js:3127
[  156833ms] [ERROR] ./src/components/scoring/ScoringExplainer.tsx:1:1
Export CHAMPION_POINTS doesn't exist in target module
> 1 | import { CHAMPION_POINTS, GROUP_POINTS, KNOCKOUT_POINTS } from '@/lib/logic/scoring';
    | ^^^^^^^^^^^^^^^^^^^^^^^^^^^^^^^^^^^^^^^^^^^^^^^^^^^^^^^^^^^^^^^^^^^^^^^^^^^^^^^^^^^^^
  2 |
  3 | type Variant = 'full' | 'knockout-only';
  4 |

The export CHAMPION_POINTS was not found in module [project]/src/lib/logic/scoring.ts [app-client] (ecmascript).
Did you mean to import WINNER_POINTS?
All exports of the module are statically known (It doesn't have dynamic exports). So it's known statically that the requested export doesn't exist.

Import traces:
  Client Component Browser:
    ./src/components/scoring/ScoringExplainer.tsx [Client Component Browser]
    ./src/components/ranking/RankingView.tsx [Client Component Browser]
    ./src/app/page.tsx [Client Component Browser]
    ./src/app/page.tsx [Server Component]

  Client Component SSR:
    ./src/components/scoring/ScoringExplainer.tsx [Client Component SSR]
    ./src/components/ranking/RankingView.tsx [Client Component SSR]
    ./src/app/page.tsx [Client Component SSR]
    ./src/app/page.tsx [Server Component] @ http://localhost:3000/_next/static/chunks/node_modules_next_dist_f3530cac._.js:3127
[  156833ms] [ERROR] ./src/components/scoring/ScoringExplainer.tsx:1:1
Export CHAMPION_POINTS doesn't exist in target module
> 1 | import { CHAMPION_POINTS, GROUP_POINTS, KNOCKOUT_POINTS } from '@/lib/logic/scoring';
    | ^^^^^^^^^^^^^^^^^^^^^^^^^^^^^^^^^^^^^^^^^^^^^^^^^^^^^^^^^^^^^^^^^^^^^^^^^^^^^^^^^^^^^
  2 |
  3 | type Variant = 'full' | 'knockout-only';
  4 |

The export CHAMPION_POINTS was not found in module [project]/src/lib/logic/scoring.ts [app-ssr] (ecmascript).
Did you mean to import WINNER_POINTS?
All exports of the module are statically known (It doesn't have dynamic exports). So it's known statically that the requested export doesn't exist.

Import traces:
  Client Component Browser:
    ./src/components/scoring/ScoringExplainer.tsx [Client Component Browser]
    ./src/components/ranking/RankingView.tsx [Client Component Browser]
    ./src/app/page.tsx [Client Component Browser]
    ./src/app/page.tsx [Server Component]

  Client Component SSR:
    ./src/components/scoring/ScoringExplainer.tsx [Client Component SSR]
    ./src/components/ranking/RankingView.tsx [Client Component SSR]
    ./src/app/page.tsx [Client Component SSR]
    ./src/app/page.tsx [Server Component] @ http://localhost:3000/_next/static/chunks/node_modules_next_dist_f3530cac._.js:3127
[  156833ms] [ERROR] ./src/components/bracket/KnockoutMatchCard.tsx:5:1
Export KNOCKOUT_POINTS doesn't exist in target module
  3 | import { KnockoutResult, LiveMatch } from '@/types';
  4 | import { teamsByCode } from '@/data/teams';
> 5 | import { KNOCKOUT_POINTS } from '@/lib/logic/scoring';
    | ^^^^^^^^^^^^^^^^^^^^^^^^^^^^^^^^^^^^^^^^^^^^^^^^^^^^^^
  6 | import { isPlaceholder, placeholderLabel } from '@/lib/logic/bracket';
  7 |
  8 | interface Props {

The export KNOCKOUT_POINTS was not found in module [project]/src/lib/logic/scoring.ts [app-client] (ecmascript).
Did you mean to import GROUP_POINTS?
All exports of the module are statically known (It doesn't have dynamic exports). So it's known statically that the requested export doesn't exist.

Import traces:
  Client Component Browser:
    ./src/components/bracket/KnockoutMatchCard.tsx [Client Component Browser]
    ./src/components/bracket/BracketView.tsx [Client Component Browser]
    ./src/app/page.tsx [Client Component Browser]
    ./src/app/page.tsx [Server Component]

  Client Component SSR:
    ./src/components/bracket/KnockoutMatchCard.tsx [Client Component SSR]
    ./src/components/bracket/BracketView.tsx [Client Component SSR]
    ./src/app/page.tsx [Client Component SSR]
    ./src/app/page.tsx [Server Component] @ http://localhost:3000/_next/static/chunks/node_modules_next_dist_f3530cac._.js:3127
[  156833ms] [ERROR] ./src/components/bracket/KnockoutMatchCard.tsx:5:1
Export KNOCKOUT_POINTS doesn't exist in target module
  3 | import { KnockoutResult, LiveMatch } from '@/types';
  4 | import { teamsByCode } from '@/data/teams';
> 5 | import { KNOCKOUT_POINTS } from '@/lib/logic/scoring';
    | ^^^^^^^^^^^^^^^^^^^^^^^^^^^^^^^^^^^^^^^^^^^^^^^^^^^^^^
  6 | import { isPlaceholder, placeholderLabel } from '@/lib/logic/bracket';
  7 |
  8 | interface Props {

The export KNOCKOUT_POINTS was not found in module [project]/src/lib/logic/scoring.ts [app-ssr] (ecmascript).
Did you mean to import GROUP_POINTS?
All exports of the module are statically known (It doesn't have dynamic exports). So it's known statically that the requested export doesn't exist.

Import traces:
  Client Component Browser:
    ./src/components/bracket/KnockoutMatchCard.tsx [Client Component Browser]
    ./src/components/bracket/BracketView.tsx [Client Component Browser]
    ./src/app/page.tsx [Client Component Browser]
    ./src/app/page.tsx [Server Component]

  Client Component SSR:
    ./src/components/bracket/KnockoutMatchCard.tsx [Client Component SSR]
    ./src/components/bracket/BracketView.tsx [Client Component SSR]
    ./src/app/page.tsx [Client Component SSR]
    ./src/app/page.tsx [Server Component] @ http://localhost:3000/_next/static/chunks/node_modules_next_dist_f3530cac._.js:3127
[  156833ms] [ERROR] ./src/components/ranking/UserPredictionsModal.tsx:8:1
Export KNOCKOUT_POINTS doesn't exist in target module
   6 | import { allGroupMatches } from '@/data/matches';
   7 | import { generateBracket } from '@/lib/logic/bracket';
>  8 | import { KNOCKOUT_POINTS, GROUP_POINTS, CHAMPION_POINTS } from '@/lib/logic/scoring';
     | ^^^^^^^^^^^^^^^^^^^^^^^^^^^^^^^^^^^^^^^^^^^^^^^^^^^^^^^^^^^^^^^^^^^^^^^^^^^^^^^^^^^^^
   9 | import type { KnockoutRound } from '@/types';
  10 |
  11 | interface Props {

The export KNOCKOUT_POINTS was not found in module [project]/src/lib/logic/scoring.ts [app-client] (ecmascript).
Did you mean to import GROUP_POINTS?
All exports of the module are statically known (It doesn't have dynamic exports). So it's known statically that the requested export doesn't exist.

Import traces:
  Client Component Browser:
    ./src/components/ranking/UserPredictionsModal.tsx [Client Component Browser]
    ./src/components/ranking/RankingView.tsx [Client Component Browser]
    ./src/app/page.tsx [Client Component Browser]
    ./src/app/page.tsx [Server Component]

  Client Component SSR:
    ./src/components/ranking/UserPredictionsModal.tsx [Client Component SSR]
    ./src/components/ranking/RankingView.tsx [Client Component SSR]
    ./src/app/page.tsx [Client Component SSR]
    ./src/app/page.tsx [Server Component] @ http://localhost:3000/_next/static/chunks/node_modules_next_dist_f3530cac._.js:3127
[  156833ms] [ERROR] ./src/components/ranking/UserPredictionsModal.tsx:8:1
Export KNOCKOUT_POINTS doesn't exist in target module
   6 | import { allGroupMatches } from '@/data/matches';
   7 | import { generateBracket } from '@/lib/logic/bracket';
>  8 | import { KNOCKOUT_POINTS, GROUP_POINTS, CHAMPION_POINTS } from '@/lib/logic/scoring';
     | ^^^^^^^^^^^^^^^^^^^^^^^^^^^^^^^^^^^^^^^^^^^^^^^^^^^^^^^^^^^^^^^^^^^^^^^^^^^^^^^^^^^^^
   9 | import type { KnockoutRound } from '@/types';
  10 |
  11 | interface Props {

The export KNOCKOUT_POINTS was not found in module [project]/src/lib/logic/scoring.ts [app-ssr] (ecmascript).
Did you mean to import GROUP_POINTS?
All exports of the module are statically known (It doesn't have dynamic exports). So it's known statically that the requested export doesn't exist.

Import traces:
  Client Component Browser:
    ./src/components/ranking/UserPredictionsModal.tsx [Client Component Browser]
    ./src/components/ranking/RankingView.tsx [Client Component Browser]
    ./src/app/page.tsx [Client Component Browser]
    ./src/app/page.tsx [Server Component]

  Client Component SSR:
    ./src/components/ranking/UserPredictionsModal.tsx [Client Component SSR]
    ./src/components/ranking/RankingView.tsx [Client Component SSR]
    ./src/app/page.tsx [Client Component SSR]
    ./src/app/page.tsx [Server Component] @ http://localhost:3000/_next/static/chunks/node_modules_next_dist_f3530cac._.js:3127
[  156833ms] [ERROR] ./src/components/scoring/ScoringExplainer.tsx:1:1
Export KNOCKOUT_POINTS doesn't exist in target module
> 1 | import { CHAMPION_POINTS, GROUP_POINTS, KNOCKOUT_POINTS } from '@/lib/logic/scoring';
    | ^^^^^^^^^^^^^^^^^^^^^^^^^^^^^^^^^^^^^^^^^^^^^^^^^^^^^^^^^^^^^^^^^^^^^^^^^^^^^^^^^^^^^
  2 |
  3 | type Variant = 'full' | 'knockout-only';
  4 |

The export KNOCKOUT_POINTS was not found in module [project]/src/lib/logic/scoring.ts [app-client] (ecmascript).
Did you mean to import GROUP_POINTS?
All exports of the module are statically known (It doesn't have dynamic exports). So it's known statically that the requested export doesn't exist.

Import traces:
  Client Component Browser:
    ./src/components/scoring/ScoringExplainer.tsx [Client Component Browser]
    ./src/components/ranking/RankingView.tsx [Client Component Browser]
    ./src/app/page.tsx [Client Component Browser]
    ./src/app/page.tsx [Server Component]

  Client Component SSR:
    ./src/components/scoring/ScoringExplainer.tsx [Client Component SSR]
    ./src/components/ranking/RankingView.tsx [Client Component SSR]
    ./src/app/page.tsx [Client Component SSR]
    ./src/app/page.tsx [Server Component] @ http://localhost:3000/_next/static/chunks/node_modules_next_dist_f3530cac._.js:3127
[  156834ms] [ERROR] ./src/components/scoring/ScoringExplainer.tsx:1:1
Export KNOCKOUT_POINTS doesn't exist in target module
> 1 | import { CHAMPION_POINTS, GROUP_POINTS, KNOCKOUT_POINTS } from '@/lib/logic/scoring';
    | ^^^^^^^^^^^^^^^^^^^^^^^^^^^^^^^^^^^^^^^^^^^^^^^^^^^^^^^^^^^^^^^^^^^^^^^^^^^^^^^^^^^^^
  2 |
  3 | type Variant = 'full' | 'knockout-only';
  4 |

The export KNOCKOUT_POINTS was not found in module [project]/src/lib/logic/scoring.ts [app-ssr] (ecmascript).
Did you mean to import GROUP_POINTS?
All exports of the module are statically known (It doesn't have dynamic exports). So it's known statically that the requested export doesn't exist.

Import traces:
  Client Component Browser:
    ./src/components/scoring/ScoringExplainer.tsx [Client Component Browser]
    ./src/components/ranking/RankingView.tsx [Client Component Browser]
    ./src/app/page.tsx [Client Component Browser]
    ./src/app/page.tsx [Server Component]

  Client Component SSR:
    ./src/components/scoring/ScoringExplainer.tsx [Client Component SSR]
    ./src/components/ranking/RankingView.tsx [Client Component SSR]
    ./src/app/page.tsx [Client Component SSR]
    ./src/app/page.tsx [Server Component] @ http://localhost:3000/_next/static/chunks/node_modules_next_dist_f3530cac._.js:3127
[  156881ms] [LOG] [Fast Refresh] rebuilding @ http://localhost:3000/_next/static/chunks/node_modules_next_dist_f3530cac._.js:2297
[  178850ms] [ERROR] ./src/components/ranking/UserPredictionsModal.tsx:8:1
Export CHAMPION_POINTS doesn't exist in target module
   6 | import { allGroupMatches } from '@/data/matches';
   7 | import { generateBracket } from '@/lib/logic/bracket';
>  8 | import { KNOCKOUT_POINTS, GROUP_POINTS, CHAMPION_POINTS } from '@/lib/logic/scoring';
     | ^^^^^^^^^^^^^^^^^^^^^^^^^^^^^^^^^^^^^^^^^^^^^^^^^^^^^^^^^^^^^^^^^^^^^^^^^^^^^^^^^^^^^
   9 | import type { KnockoutRound } from '@/types';
  10 |
  11 | interface Props {

The export CHAMPION_POINTS was not found in module [project]/src/lib/logic/scoring.ts [app-client] (ecmascript).
Did you mean to import WINNER_POINTS?
All exports of the module are statically known (It doesn't have dynamic exports). So it's known statically that the requested export doesn't exist.

Import traces:
  Client Component Browser:
    ./src/components/ranking/UserPredictionsModal.tsx [Client Component Browser]
    ./src/components/ranking/RankingView.tsx [Client Component Browser]
    ./src/app/page.tsx [Client Component Browser]
    ./src/app/page.tsx [Server Component]

  Client Component SSR:
    ./src/components/ranking/UserPredictionsModal.tsx [Client Component SSR]
    ./src/components/ranking/RankingView.tsx [Client Component SSR]
    ./src/app/page.tsx [Client Component SSR]
    ./src/app/page.tsx [Server Component] @ http://localhost:3000/_next/static/chunks/node_modules_next_dist_f3530cac._.js:3127
[  178850ms] [ERROR] ./src/components/ranking/UserPredictionsModal.tsx:8:1
Export CHAMPION_POINTS doesn't exist in target module
   6 | import { allGroupMatches } from '@/data/matches';
   7 | import { generateBracket } from '@/lib/logic/bracket';
>  8 | import { KNOCKOUT_POINTS, GROUP_POINTS, CHAMPION_POINTS } from '@/lib/logic/scoring';
     | ^^^^^^^^^^^^^^^^^^^^^^^^^^^^^^^^^^^^^^^^^^^^^^^^^^^^^^^^^^^^^^^^^^^^^^^^^^^^^^^^^^^^^
   9 | import type { KnockoutRound } from '@/types';
  10 |
  11 | interface Props {

The export CHAMPION_POINTS was not found in module [project]/src/lib/logic/scoring.ts [app-ssr] (ecmascript).
Did you mean to import WINNER_POINTS?
All exports of the module are statically known (It doesn't have dynamic exports). So it's known statically that the requested export doesn't exist.

Import traces:
  Client Component Browser:
    ./src/components/ranking/UserPredictionsModal.tsx [Client Component Browser]
    ./src/components/ranking/RankingView.tsx [Client Component Browser]
    ./src/app/page.tsx [Client Component Browser]
    ./src/app/page.tsx [Server Component]

  Client Component SSR:
    ./src/components/ranking/UserPredictionsModal.tsx [Client Component SSR]
    ./src/components/ranking/RankingView.tsx [Client Component SSR]
    ./src/app/page.tsx [Client Component SSR]
    ./src/app/page.tsx [Server Component] @ http://localhost:3000/_next/static/chunks/node_modules_next_dist_f3530cac._.js:3127
[  178850ms] [ERROR] ./src/components/scoring/ScoringExplainer.tsx:1:1
Export CHAMPION_POINTS doesn't exist in target module
> 1 | import { CHAMPION_POINTS, GROUP_POINTS, KNOCKOUT_POINTS } from '@/lib/logic/scoring';
    | ^^^^^^^^^^^^^^^^^^^^^^^^^^^^^^^^^^^^^^^^^^^^^^^^^^^^^^^^^^^^^^^^^^^^^^^^^^^^^^^^^^^^^
  2 |
  3 | type Variant = 'full' | 'knockout-only';
  4 |

The export CHAMPION_POINTS was not found in module [project]/src/lib/logic/scoring.ts [app-client] (ecmascript).
Did you mean to import WINNER_POINTS?
All exports of the module are statically known (It doesn't have dynamic exports). So it's known statically that the requested export doesn't exist.

Import traces:
  Client Component Browser:
    ./src/components/scoring/ScoringExplainer.tsx [Client Component Browser]
    ./src/components/ranking/RankingView.tsx [Client Component Browser]
    ./src/app/page.tsx [Client Component Browser]
    ./src/app/page.tsx [Server Component]

  Client Component SSR:
    ./src/components/scoring/ScoringExplainer.tsx [Client Component SSR]
    ./src/components/ranking/RankingView.tsx [Client Component SSR]
    ./src/app/page.tsx [Client Component SSR]
    ./src/app/page.tsx [Server Component] @ http://localhost:3000/_next/static/chunks/node_modules_next_dist_f3530cac._.js:3127
[  178850ms] [ERROR] ./src/components/scoring/ScoringExplainer.tsx:1:1
Export CHAMPION_POINTS doesn't exist in target module
> 1 | import { CHAMPION_POINTS, GROUP_POINTS, KNOCKOUT_POINTS } from '@/lib/logic/scoring';
    | ^^^^^^^^^^^^^^^^^^^^^^^^^^^^^^^^^^^^^^^^^^^^^^^^^^^^^^^^^^^^^^^^^^^^^^^^^^^^^^^^^^^^^
  2 |
  3 | type Variant = 'full' | 'knockout-only';
  4 |

The export CHAMPION_POINTS was not found in module [project]/src/lib/logic/scoring.ts [app-ssr] (ecmascript).
Did you mean to import WINNER_POINTS?
All exports of the module are statically known (It doesn't have dynamic exports). So it's known statically that the requested export doesn't exist.

Import traces:
  Client Component Browser:
    ./src/components/scoring/ScoringExplainer.tsx [Client Component Browser]
    ./src/components/ranking/RankingView.tsx [Client Component Browser]
    ./src/app/page.tsx [Client Component Browser]
    ./src/app/page.tsx [Server Component]

  Client Component SSR:
    ./src/components/scoring/ScoringExplainer.tsx [Client Component SSR]
    ./src/components/ranking/RankingView.tsx [Client Component SSR]
    ./src/app/page.tsx [Client Component SSR]
    ./src/app/page.tsx [Server Component] @ http://localhost:3000/_next/static/chunks/node_modules_next_dist_f3530cac._.js:3127
[  178850ms] [ERROR] ./src/components/bracket/KnockoutMatchCard.tsx:5:1
Export KNOCKOUT_POINTS doesn't exist in target module
  3 | import { KnockoutResult, LiveMatch } from '@/types';
  4 | import { teamsByCode } from '@/data/teams';
> 5 | import { KNOCKOUT_POINTS } from '@/lib/logic/scoring';
    | ^^^^^^^^^^^^^^^^^^^^^^^^^^^^^^^^^^^^^^^^^^^^^^^^^^^^^^
  6 | import { isPlaceholder, placeholderLabel } from '@/lib/logic/bracket';
  7 |
  8 | interface Props {

The export KNOCKOUT_POINTS was not found in module [project]/src/lib/logic/scoring.ts [app-client] (ecmascript).
Did you mean to import GROUP_POINTS?
All exports of the module are statically known (It doesn't have dynamic exports). So it's known statically that the requested export doesn't exist.

Import traces:
  Client Component Browser:
    ./src/components/bracket/KnockoutMatchCard.tsx [Client Component Browser]
    ./src/components/bracket/BracketView.tsx [Client Component Browser]
    ./src/app/page.tsx [Client Component Browser]
    ./src/app/page.tsx [Server Component]

  Client Component SSR:
    ./src/components/bracket/KnockoutMatchCard.tsx [Client Component SSR]
    ./src/components/bracket/BracketView.tsx [Client Component SSR]
    ./src/app/page.tsx [Client Component SSR]
    ./src/app/page.tsx [Server Component] @ http://localhost:3000/_next/static/chunks/node_modules_next_dist_f3530cac._.js:3127
[  178850ms] [ERROR] ./src/components/bracket/KnockoutMatchCard.tsx:5:1
Export KNOCKOUT_POINTS doesn't exist in target module
  3 | import { KnockoutResult, LiveMatch } from '@/types';
  4 | import { teamsByCode } from '@/data/teams';
> 5 | import { KNOCKOUT_POINTS } from '@/lib/logic/scoring';
    | ^^^^^^^^^^^^^^^^^^^^^^^^^^^^^^^^^^^^^^^^^^^^^^^^^^^^^^
  6 | import { isPlaceholder, placeholderLabel } from '@/lib/logic/bracket';
  7 |
  8 | interface Props {

The export KNOCKOUT_POINTS was not found in module [project]/src/lib/logic/scoring.ts [app-ssr] (ecmascript).
Did you mean to import GROUP_POINTS?
All exports of the module are statically known (It doesn't have dynamic exports). So it's known statically that the requested export doesn't exist.

Import traces:
  Client Component Browser:
    ./src/components/bracket/KnockoutMatchCard.tsx [Client Component Browser]
    ./src/components/bracket/BracketView.tsx [Client Component Browser]
    ./src/app/page.tsx [Client Component Browser]
    ./src/app/page.tsx [Server Component]

  Client Component SSR:
    ./src/components/bracket/KnockoutMatchCard.tsx [Client Component SSR]
    ./src/components/bracket/BracketView.tsx [Client Component SSR]
    ./src/app/page.tsx [Client Component SSR]
    ./src/app/page.tsx [Server Component] @ http://localhost:3000/_next/static/chunks/node_modules_next_dist_f3530cac._.js:3127
[  178850ms] [ERROR] ./src/components/ranking/UserPredictionsModal.tsx:8:1
Export KNOCKOUT_POINTS doesn't exist in target module
   6 | import { allGroupMatches } from '@/data/matches';
   7 | import { generateBracket } from '@/lib/logic/bracket';
>  8 | import { KNOCKOUT_POINTS, GROUP_POINTS, CHAMPION_POINTS } from '@/lib/logic/scoring';
     | ^^^^^^^^^^^^^^^^^^^^^^^^^^^^^^^^^^^^^^^^^^^^^^^^^^^^^^^^^^^^^^^^^^^^^^^^^^^^^^^^^^^^^
   9 | import type { KnockoutRound } from '@/types';
  10 |
  11 | interface Props {

The export KNOCKOUT_POINTS was not found in module [project]/src/lib/logic/scoring.ts [app-client] (ecmascript).
Did you mean to import GROUP_POINTS?
All exports of the module are statically known (It doesn't have dynamic exports). So it's known statically that the requested export doesn't exist.

Import traces:
  Client Component Browser:
    ./src/components/ranking/UserPredictionsModal.tsx [Client Component Browser]
    ./src/components/ranking/RankingView.tsx [Client Component Browser]
    ./src/app/page.tsx [Client Component Browser]
    ./src/app/page.tsx [Server Component]

  Client Component SSR:
    ./src/components/ranking/UserPredictionsModal.tsx [Client Component SSR]
    ./src/components/ranking/RankingView.tsx [Client Component SSR]
    ./src/app/page.tsx [Client Component SSR]
    ./src/app/page.tsx [Server Component] @ http://localhost:3000/_next/static/chunks/node_modules_next_dist_f3530cac._.js:3127
[  178851ms] [ERROR] ./src/components/ranking/UserPredictionsModal.tsx:8:1
Export KNOCKOUT_POINTS doesn't exist in target module
   6 | import { allGroupMatches } from '@/data/matches';
   7 | import { generateBracket } from '@/lib/logic/bracket';
>  8 | import { KNOCKOUT_POINTS, GROUP_POINTS, CHAMPION_POINTS } from '@/lib/logic/scoring';
     | ^^^^^^^^^^^^^^^^^^^^^^^^^^^^^^^^^^^^^^^^^^^^^^^^^^^^^^^^^^^^^^^^^^^^^^^^^^^^^^^^^^^^^
   9 | import type { KnockoutRound } from '@/types';
  10 |
  11 | interface Props {

The export KNOCKOUT_POINTS was not found in module [project]/src/lib/logic/scoring.ts [app-ssr] (ecmascript).
Did you mean to import GROUP_POINTS?
All exports of the module are statically known (It doesn't have dynamic exports). So it's known statically that the requested export doesn't exist.

Import traces:
  Client Component Browser:
    ./src/components/ranking/UserPredictionsModal.tsx [Client Component Browser]
    ./src/components/ranking/RankingView.tsx [Client Component Browser]
    ./src/app/page.tsx [Client Component Browser]
    ./src/app/page.tsx [Server Component]

  Client Component SSR:
    ./src/components/ranking/UserPredictionsModal.tsx [Client Component SSR]
    ./src/components/ranking/RankingView.tsx [Client Component SSR]
    ./src/app/page.tsx [Client Component SSR]
    ./src/app/page.tsx [Server Component] @ http://localhost:3000/_next/static/chunks/node_modules_next_dist_f3530cac._.js:3127
[  178851ms] [ERROR] ./src/components/scoring/ScoringExplainer.tsx:1:1
Export KNOCKOUT_POINTS doesn't exist in target module
> 1 | import { CHAMPION_POINTS, GROUP_POINTS, KNOCKOUT_POINTS } from '@/lib/logic/scoring';
    | ^^^^^^^^^^^^^^^^^^^^^^^^^^^^^^^^^^^^^^^^^^^^^^^^^^^^^^^^^^^^^^^^^^^^^^^^^^^^^^^^^^^^^
  2 |
  3 | type Variant = 'full' | 'knockout-only';
  4 |

The export KNOCKOUT_POINTS was not found in module [project]/src/lib/logic/scoring.ts [app-client] (ecmascript).
Did you mean to import GROUP_POINTS?
All exports of the module are statically known (It doesn't have dynamic exports). So it's known statically that the requested export doesn't exist.

Import traces:
  Client Component Browser:
    ./src/components/scoring/ScoringExplainer.tsx [Client Component Browser]
    ./src/components/ranking/RankingView.tsx [Client Component Browser]
    ./src/app/page.tsx [Client Component Browser]
    ./src/app/page.tsx [Server Component]

  Client Component SSR:
    ./src/components/scoring/ScoringExplainer.tsx [Client Component SSR]
    ./src/components/ranking/RankingView.tsx [Client Component SSR]
    ./src/app/page.tsx [Client Component SSR]
    ./src/app/page.tsx [Server Component] @ http://localhost:3000/_next/static/chunks/node_modules_next_dist_f3530cac._.js:3127
[  178851ms] [ERROR] ./src/components/scoring/ScoringExplainer.tsx:1:1
Export KNOCKOUT_POINTS doesn't exist in target module
> 1 | import { CHAMPION_POINTS, GROUP_POINTS, KNOCKOUT_POINTS } from '@/lib/logic/scoring';
    | ^^^^^^^^^^^^^^^^^^^^^^^^^^^^^^^^^^^^^^^^^^^^^^^^^^^^^^^^^^^^^^^^^^^^^^^^^^^^^^^^^^^^^
  2 |
  3 | type Variant = 'full' | 'knockout-only';
  4 |

The export KNOCKOUT_POINTS was not found in module [project]/src/lib/logic/scoring.ts [app-ssr] (ecmascript).
Did you mean to import GROUP_POINTS?
All exports of the module are statically known (It doesn't have dynamic exports). So it's known statically that the requested export doesn't exist.

Import traces:
  Client Component Browser:
    ./src/components/scoring/ScoringExplainer.tsx [Client Component Browser]
    ./src/components/ranking/RankingView.tsx [Client Component Browser]
    ./src/app/page.tsx [Client Component Browser]
    ./src/app/page.tsx [Server Component]

  Client Component SSR:
    ./src/components/scoring/ScoringExplainer.tsx [Client Component SSR]
    ./src/components/ranking/RankingView.tsx [Client Component SSR]
    ./src/app/page.tsx [Client Component SSR]
    ./src/app/page.tsx [Server Component] @ http://localhost:3000/_next/static/chunks/node_modules_next_dist_f3530cac._.js:3127
[  178897ms] [LOG] [Fast Refresh] rebuilding @ http://localhost:3000/_next/static/chunks/node_modules_next_dist_f3530cac._.js:2297
[  208257ms] [ERROR] ./src/components/ranking/UserPredictionsModal.tsx:8:1
Export CHAMPION_POINTS doesn't exist in target module
   6 | import { allGroupMatches } from '@/data/matches';
   7 | import { generateBracket } from '@/lib/logic/bracket';
>  8 | import { KNOCKOUT_POINTS, GROUP_POINTS, CHAMPION_POINTS } from '@/lib/logic/scoring';
     | ^^^^^^^^^^^^^^^^^^^^^^^^^^^^^^^^^^^^^^^^^^^^^^^^^^^^^^^^^^^^^^^^^^^^^^^^^^^^^^^^^^^^^
   9 | import type { KnockoutRound } from '@/types';
  10 |
  11 | interface Props {

The export CHAMPION_POINTS was not found in module [project]/src/lib/logic/scoring.ts [app-client] (ecmascript).
Did you mean to import WINNER_POINTS?
All exports of the module are statically known (It doesn't have dynamic exports). So it's known statically that the requested export doesn't exist.

Import traces:
  Client Component Browser:
    ./src/components/ranking/UserPredictionsModal.tsx [Client Component Browser]
    ./src/components/ranking/RankingView.tsx [Client Component Browser]
    ./src/app/page.tsx [Client Component Browser]
    ./src/app/page.tsx [Server Component]

  Client Component SSR:
    ./src/components/ranking/UserPredictionsModal.tsx [Client Component SSR]
    ./src/components/ranking/RankingView.tsx [Client Component SSR]
    ./src/app/page.tsx [Client Component SSR]
    ./src/app/page.tsx [Server Component] @ http://localhost:3000/_next/static/chunks/node_modules_next_dist_f3530cac._.js:3127
[  208257ms] [ERROR] ./src/components/ranking/UserPredictionsModal.tsx:8:1
Export CHAMPION_POINTS doesn't exist in target module
   6 | import { allGroupMatches } from '@/data/matches';
   7 | import { generateBracket } from '@/lib/logic/bracket';
>  8 | import { KNOCKOUT_POINTS, GROUP_POINTS, CHAMPION_POINTS } from '@/lib/logic/scoring';
     | ^^^^^^^^^^^^^^^^^^^^^^^^^^^^^^^^^^^^^^^^^^^^^^^^^^^^^^^^^^^^^^^^^^^^^^^^^^^^^^^^^^^^^
   9 | import type { KnockoutRound } from '@/types';
  10 |
  11 | interface Props {

The export CHAMPION_POINTS was not found in module [project]/src/lib/logic/scoring.ts [app-ssr] (ecmascript).
Did you mean to import WINNER_POINTS?
All exports of the module are statically known (It doesn't have dynamic exports). So it's known statically that the requested export doesn't exist.

Import traces:
  Client Component Browser:
    ./src/components/ranking/UserPredictionsModal.tsx [Client Component Browser]
    ./src/components/ranking/RankingView.tsx [Client Component Browser]
    ./src/app/page.tsx [Client Component Browser]
    ./src/app/page.tsx [Server Component]

  Client Component SSR:
    ./src/components/ranking/UserPredictionsModal.tsx [Client Component SSR]
    ./src/components/ranking/RankingView.tsx [Client Component SSR]
    ./src/app/page.tsx [Client Component SSR]
    ./src/app/page.tsx [Server Component] @ http://localhost:3000/_next/static/chunks/node_modules_next_dist_f3530cac._.js:3127
[  208257ms] [ERROR] ./src/components/bracket/KnockoutMatchCard.tsx:5:1
Export KNOCKOUT_POINTS doesn't exist in target module
  3 | import { KnockoutResult, LiveMatch } from '@/types';
  4 | import { teamsByCode } from '@/data/teams';
> 5 | import { KNOCKOUT_POINTS } from '@/lib/logic/scoring';
    | ^^^^^^^^^^^^^^^^^^^^^^^^^^^^^^^^^^^^^^^^^^^^^^^^^^^^^^
  6 | import { isPlaceholder, placeholderLabel } from '@/lib/logic/bracket';
  7 |
  8 | interface Props {

The export KNOCKOUT_POINTS was not found in module [project]/src/lib/logic/scoring.ts [app-client] (ecmascript).
Did you mean to import GROUP_POINTS?
All exports of the module are statically known (It doesn't have dynamic exports). So it's known statically that the requested export doesn't exist.

Import traces:
  Client Component Browser:
    ./src/components/bracket/KnockoutMatchCard.tsx [Client Component Browser]
    ./src/components/bracket/BracketView.tsx [Client Component Browser]
    ./src/app/page.tsx [Client Component Browser]
    ./src/app/page.tsx [Server Component]

  Client Component SSR:
    ./src/components/bracket/KnockoutMatchCard.tsx [Client Component SSR]
    ./src/components/bracket/BracketView.tsx [Client Component SSR]
    ./src/app/page.tsx [Client Component SSR]
    ./src/app/page.tsx [Server Component] @ http://localhost:3000/_next/static/chunks/node_modules_next_dist_f3530cac._.js:3127
[  208257ms] [ERROR] ./src/components/bracket/KnockoutMatchCard.tsx:5:1
Export KNOCKOUT_POINTS doesn't exist in target module
  3 | import { KnockoutResult, LiveMatch } from '@/types';
  4 | import { teamsByCode } from '@/data/teams';
> 5 | import { KNOCKOUT_POINTS } from '@/lib/logic/scoring';
    | ^^^^^^^^^^^^^^^^^^^^^^^^^^^^^^^^^^^^^^^^^^^^^^^^^^^^^^
  6 | import { isPlaceholder, placeholderLabel } from '@/lib/logic/bracket';
  7 |
  8 | interface Props {

The export KNOCKOUT_POINTS was not found in module [project]/src/lib/logic/scoring.ts [app-ssr] (ecmascript).
Did you mean to import GROUP_POINTS?
All exports of the module are statically known (It doesn't have dynamic exports). So it's known statically that the requested export doesn't exist.

Import traces:
  Client Component Browser:
    ./src/components/bracket/KnockoutMatchCard.tsx [Client Component Browser]
    ./src/components/bracket/BracketView.tsx [Client Component Browser]
    ./src/app/page.tsx [Client Component Browser]
    ./src/app/page.tsx [Server Component]

  Client Component SSR:
    ./src/components/bracket/KnockoutMatchCard.tsx [Client Component SSR]
    ./src/components/bracket/BracketView.tsx [Client Component SSR]
    ./src/app/page.tsx [Client Component SSR]
    ./src/app/page.tsx [Server Component] @ http://localhost:3000/_next/static/chunks/node_modules_next_dist_f3530cac._.js:3127
[  208257ms] [ERROR] ./src/components/ranking/UserPredictionsModal.tsx:8:1
Export KNOCKOUT_POINTS doesn't exist in target module
   6 | import { allGroupMatches } from '@/data/matches';
   7 | import { generateBracket } from '@/lib/logic/bracket';
>  8 | import { KNOCKOUT_POINTS, GROUP_POINTS, CHAMPION_POINTS } from '@/lib/logic/scoring';
     | ^^^^^^^^^^^^^^^^^^^^^^^^^^^^^^^^^^^^^^^^^^^^^^^^^^^^^^^^^^^^^^^^^^^^^^^^^^^^^^^^^^^^^
   9 | import type { KnockoutRound } from '@/types';
  10 |
  11 | interface Props {

The export KNOCKOUT_POINTS was not found in module [project]/src/lib/logic/scoring.ts [app-client] (ecmascript).
Did you mean to import GROUP_POINTS?
All exports of the module are statically known (It doesn't have dynamic exports). So it's known statically that the requested export doesn't exist.

Import traces:
  Client Component Browser:
    ./src/components/ranking/UserPredictionsModal.tsx [Client Component Browser]
    ./src/components/ranking/RankingView.tsx [Client Component Browser]
    ./src/app/page.tsx [Client Component Browser]
    ./src/app/page.tsx [Server Component]

  Client Component SSR:
    ./src/components/ranking/UserPredictionsModal.tsx [Client Component SSR]
    ./src/components/ranking/RankingView.tsx [Client Component SSR]
    ./src/app/page.tsx [Client Component SSR]
    ./src/app/page.tsx [Server Component] @ http://localhost:3000/_next/static/chunks/node_modules_next_dist_f3530cac._.js:3127
[  208258ms] [ERROR] ./src/components/ranking/UserPredictionsModal.tsx:8:1
Export KNOCKOUT_POINTS doesn't exist in target module
   6 | import { allGroupMatches } from '@/data/matches';
   7 | import { generateBracket } from '@/lib/logic/bracket';
>  8 | import { KNOCKOUT_POINTS, GROUP_POINTS, CHAMPION_POINTS } from '@/lib/logic/scoring';
     | ^^^^^^^^^^^^^^^^^^^^^^^^^^^^^^^^^^^^^^^^^^^^^^^^^^^^^^^^^^^^^^^^^^^^^^^^^^^^^^^^^^^^^
   9 | import type { KnockoutRound } from '@/types';
  10 |
  11 | interface Props {

The export KNOCKOUT_POINTS was not found in module [project]/src/lib/logic/scoring.ts [app-ssr] (ecmascript).
Did you mean to import GROUP_POINTS?
All exports of the module are statically known (It doesn't have dynamic exports). So it's known statically that the requested export doesn't exist.

Import traces:
  Client Component Browser:
    ./src/components/ranking/UserPredictionsModal.tsx [Client Component Browser]
    ./src/components/ranking/RankingView.tsx [Client Component Browser]
    ./src/app/page.tsx [Client Component Browser]
    ./src/app/page.tsx [Server Component]

  Client Component SSR:
    ./src/components/ranking/UserPredictionsModal.tsx [Client Component SSR]
    ./src/components/ranking/RankingView.tsx [Client Component SSR]
    ./src/app/page.tsx [Client Component SSR]
    ./src/app/page.tsx [Server Component] @ http://localhost:3000/_next/static/chunks/node_modules_next_dist_f3530cac._.js:3127
[  208288ms] [LOG] [Fast Refresh] rebuilding @ http://localhost:3000/_next/static/chunks/node_modules_next_dist_f3530cac._.js:2297
[  217554ms] [ERROR] ./src/components/ranking/UserPredictionsModal.tsx:8:1
Export CHAMPION_POINTS doesn't exist in target module
   6 | import { allGroupMatches } from '@/data/matches';
   7 | import { generateBracket } from '@/lib/logic/bracket';
>  8 | import { KNOCKOUT_POINTS, GROUP_POINTS, CHAMPION_POINTS } from '@/lib/logic/scoring';
     | ^^^^^^^^^^^^^^^^^^^^^^^^^^^^^^^^^^^^^^^^^^^^^^^^^^^^^^^^^^^^^^^^^^^^^^^^^^^^^^^^^^^^^
   9 | import type { KnockoutRound } from '@/types';
  10 |
  11 | interface Props {

The export CHAMPION_POINTS was not found in module [project]/src/lib/logic/scoring.ts [app-client] (ecmascript).
Did you mean to import WINNER_POINTS?
All exports of the module are statically known (It doesn't have dynamic exports). So it's known statically that the requested export doesn't exist.

Import traces:
  Client Component Browser:
    ./src/components/ranking/UserPredictionsModal.tsx [Client Component Browser]
    ./src/components/ranking/RankingView.tsx [Client Component Browser]
    ./src/app/page.tsx [Client Component Browser]
    ./src/app/page.tsx [Server Component]

  Client Component SSR:
    ./src/components/ranking/UserPredictionsModal.tsx [Client Component SSR]
    ./src/components/ranking/RankingView.tsx [Client Component SSR]
    ./src/app/page.tsx [Client Component SSR]
    ./src/app/page.tsx [Server Component] @ http://localhost:3000/_next/static/chunks/node_modules_next_dist_f3530cac._.js:3127
[  217554ms] [ERROR] ./src/components/ranking/UserPredictionsModal.tsx:8:1
Export CHAMPION_POINTS doesn't exist in target module
   6 | import { allGroupMatches } from '@/data/matches';
   7 | import { generateBracket } from '@/lib/logic/bracket';
>  8 | import { KNOCKOUT_POINTS, GROUP_POINTS, CHAMPION_POINTS } from '@/lib/logic/scoring';
     | ^^^^^^^^^^^^^^^^^^^^^^^^^^^^^^^^^^^^^^^^^^^^^^^^^^^^^^^^^^^^^^^^^^^^^^^^^^^^^^^^^^^^^
   9 | import type { KnockoutRound } from '@/types';
  10 |
  11 | interface Props {

The export CHAMPION_POINTS was not found in module [project]/src/lib/logic/scoring.ts [app-ssr] (ecmascript).
Did you mean to import WINNER_POINTS?
All exports of the module are statically known (It doesn't have dynamic exports). So it's known statically that the requested export doesn't exist.

Import traces:
  Client Component Browser:
    ./src/components/ranking/UserPredictionsModal.tsx [Client Component Browser]
    ./src/components/ranking/RankingView.tsx [Client Component Browser]
    ./src/app/page.tsx [Client Component Browser]
    ./src/app/page.tsx [Server Component]

  Client Component SSR:
    ./src/components/ranking/UserPredictionsModal.tsx [Client Component SSR]
    ./src/components/ranking/RankingView.tsx [Client Component SSR]
    ./src/app/page.tsx [Client Component SSR]
    ./src/app/page.tsx [Server Component] @ http://localhost:3000/_next/static/chunks/node_modules_next_dist_f3530cac._.js:3127
[  217554ms] [ERROR] ./src/components/bracket/KnockoutMatchCard.tsx:5:1
Export KNOCKOUT_POINTS doesn't exist in target module
  3 | import { KnockoutResult, LiveMatch } from '@/types';
  4 | import { teamsByCode } from '@/data/teams';
> 5 | import { KNOCKOUT_POINTS } from '@/lib/logic/scoring';
    | ^^^^^^^^^^^^^^^^^^^^^^^^^^^^^^^^^^^^^^^^^^^^^^^^^^^^^^
  6 | import { isPlaceholder, placeholderLabel } from '@/lib/logic/bracket';
  7 |
  8 | interface Props {

The export KNOCKOUT_POINTS was not found in module [project]/src/lib/logic/scoring.ts [app-client] (ecmascript).
Did you mean to import GROUP_POINTS?
All exports of the module are statically known (It doesn't have dynamic exports). So it's known statically that the requested export doesn't exist.

Import traces:
  Client Component Browser:
    ./src/components/bracket/KnockoutMatchCard.tsx [Client Component Browser]
    ./src/components/bracket/BracketView.tsx [Client Component Browser]
    ./src/app/page.tsx [Client Component Browser]
    ./src/app/page.tsx [Server Component]

  Client Component SSR:
    ./src/components/bracket/KnockoutMatchCard.tsx [Client Component SSR]
    ./src/components/bracket/BracketView.tsx [Client Component SSR]
    ./src/app/page.tsx [Client Component SSR]
    ./src/app/page.tsx [Server Component] @ http://localhost:3000/_next/static/chunks/node_modules_next_dist_f3530cac._.js:3127
[  217554ms] [ERROR] ./src/components/bracket/KnockoutMatchCard.tsx:5:1
Export KNOCKOUT_POINTS doesn't exist in target module
  3 | import { KnockoutResult, LiveMatch } from '@/types';
  4 | import { teamsByCode } from '@/data/teams';
> 5 | import { KNOCKOUT_POINTS } from '@/lib/logic/scoring';
    | ^^^^^^^^^^^^^^^^^^^^^^^^^^^^^^^^^^^^^^^^^^^^^^^^^^^^^^
  6 | import { isPlaceholder, placeholderLabel } from '@/lib/logic/bracket';
  7 |
  8 | interface Props {

The export KNOCKOUT_POINTS was not found in module [project]/src/lib/logic/scoring.ts [app-ssr] (ecmascript).
Did you mean to import GROUP_POINTS?
All exports of the module are statically known (It doesn't have dynamic exports). So it's known statically that the requested export doesn't exist.

Import traces:
  Client Component Browser:
    ./src/components/bracket/KnockoutMatchCard.tsx [Client Component Browser]
    ./src/components/bracket/BracketView.tsx [Client Component Browser]
    ./src/app/page.tsx [Client Component Browser]
    ./src/app/page.tsx [Server Component]

  Client Component SSR:
    ./src/components/bracket/KnockoutMatchCard.tsx [Client Component SSR]
    ./src/components/bracket/BracketView.tsx [Client Component SSR]
    ./src/app/page.tsx [Client Component SSR]
    ./src/app/page.tsx [Server Component] @ http://localhost:3000/_next/static/chunks/node_modules_next_dist_f3530cac._.js:3127
[  217554ms] [ERROR] ./src/components/ranking/UserPredictionsModal.tsx:8:1
Export KNOCKOUT_POINTS doesn't exist in target module
   6 | import { allGroupMatches } from '@/data/matches';
   7 | import { generateBracket } from '@/lib/logic/bracket';
>  8 | import { KNOCKOUT_POINTS, GROUP_POINTS, CHAMPION_POINTS } from '@/lib/logic/scoring';
     | ^^^^^^^^^^^^^^^^^^^^^^^^^^^^^^^^^^^^^^^^^^^^^^^^^^^^^^^^^^^^^^^^^^^^^^^^^^^^^^^^^^^^^
   9 | import type { KnockoutRound } from '@/types';
  10 |
  11 | interface Props {

The export KNOCKOUT_POINTS was not found in module [project]/src/lib/logic/scoring.ts [app-client] (ecmascript).
Did you mean to import GROUP_POINTS?
All exports of the module are statically known (It doesn't have dynamic exports). So it's known statically that the requested export doesn't exist.

Import traces:
  Client Component Browser:
    ./src/components/ranking/UserPredictionsModal.tsx [Client Component Browser]
    ./src/components/ranking/RankingView.tsx [Client Component Browser]
    ./src/app/page.tsx [Client Component Browser]
    ./src/app/page.tsx [Server Component]

  Client Component SSR:
    ./src/components/ranking/UserPredictionsModal.tsx [Client Component SSR]
    ./src/components/ranking/RankingView.tsx [Client Component SSR]
    ./src/app/page.tsx [Client Component SSR]
    ./src/app/page.tsx [Server Component] @ http://localhost:3000/_next/static/chunks/node_modules_next_dist_f3530cac._.js:3127
[  217554ms] [ERROR] ./src/components/ranking/UserPredictionsModal.tsx:8:1
Export KNOCKOUT_POINTS doesn't exist in target module
   6 | import { allGroupMatches } from '@/data/matches';
   7 | import { generateBracket } from '@/lib/logic/bracket';
>  8 | import { KNOCKOUT_POINTS, GROUP_POINTS, CHAMPION_POINTS } from '@/lib/logic/scoring';
     | ^^^^^^^^^^^^^^^^^^^^^^^^^^^^^^^^^^^^^^^^^^^^^^^^^^^^^^^^^^^^^^^^^^^^^^^^^^^^^^^^^^^^^
   9 | import type { KnockoutRound } from '@/types';
  10 |
  11 | interface Props {

The export KNOCKOUT_POINTS was not found in module [project]/src/lib/logic/scoring.ts [app-ssr] (ecmascript).
Did you mean to import GROUP_POINTS?
All exports of the module are statically known (It doesn't have dynamic exports). So it's known statically that the requested export doesn't exist.

Import traces:
  Client Component Browser:
    ./src/components/ranking/UserPredictionsModal.tsx [Client Component Browser]
    ./src/components/ranking/RankingView.tsx [Client Component Browser]
    ./src/app/page.tsx [Client Component Browser]
    ./src/app/page.tsx [Server Component]

  Client Component SSR:
    ./src/components/ranking/UserPredictionsModal.tsx [Client Component SSR]
    ./src/components/ranking/RankingView.tsx [Client Component SSR]
    ./src/app/page.tsx [Client Component SSR]
    ./src/app/page.tsx [Server Component] @ http://localhost:3000/_next/static/chunks/node_modules_next_dist_f3530cac._.js:3127
[  217597ms] [LOG] [Fast Refresh] rebuilding @ http://localhost:3000/_next/static/chunks/node_modules_next_dist_f3530cac._.js:2297
[  226552ms] [ERROR] ./src/components/ranking/UserPredictionsModal.tsx:8:1
Export CHAMPION_POINTS doesn't exist in target module
   6 | import { allGroupMatches } from '@/data/matches';
   7 | import { generateBracket } from '@/lib/logic/bracket';
>  8 | import { KNOCKOUT_POINTS, GROUP_POINTS, CHAMPION_POINTS } from '@/lib/logic/scoring';
     | ^^^^^^^^^^^^^^^^^^^^^^^^^^^^^^^^^^^^^^^^^^^^^^^^^^^^^^^^^^^^^^^^^^^^^^^^^^^^^^^^^^^^^
   9 | import type { KnockoutRound } from '@/types';
  10 |
  11 | interface Props {

The export CHAMPION_POINTS was not found in module [project]/src/lib/logic/scoring.ts [app-client] (ecmascript).
Did you mean to import WINNER_POINTS?
All exports of the module are statically known (It doesn't have dynamic exports). So it's known statically that the requested export doesn't exist.

Import traces:
  Client Component Browser:
    ./src/components/ranking/UserPredictionsModal.tsx [Client Component Browser]
    ./src/components/ranking/RankingView.tsx [Client Component Browser]
    ./src/app/page.tsx [Client Component Browser]
    ./src/app/page.tsx [Server Component]

  Client Component SSR:
    ./src/components/ranking/UserPredictionsModal.tsx [Client Component SSR]
    ./src/components/ranking/RankingView.tsx [Client Component SSR]
    ./src/app/page.tsx [Client Component SSR]
    ./src/app/page.tsx [Server Component] @ http://localhost:3000/_next/static/chunks/node_modules_next_dist_f3530cac._.js:3127
[  226552ms] [ERROR] ./src/components/ranking/UserPredictionsModal.tsx:8:1
Export CHAMPION_POINTS doesn't exist in target module
   6 | import { allGroupMatches } from '@/data/matches';
   7 | import { generateBracket } from '@/lib/logic/bracket';
>  8 | import { KNOCKOUT_POINTS, GROUP_POINTS, CHAMPION_POINTS } from '@/lib/logic/scoring';
     | ^^^^^^^^^^^^^^^^^^^^^^^^^^^^^^^^^^^^^^^^^^^^^^^^^^^^^^^^^^^^^^^^^^^^^^^^^^^^^^^^^^^^^
   9 | import type { KnockoutRound } from '@/types';
  10 |
  11 | interface Props {

The export CHAMPION_POINTS was not found in module [project]/src/lib/logic/scoring.ts [app-ssr] (ecmascript).
Did you mean to import WINNER_POINTS?
All exports of the module are statically known (It doesn't have dynamic exports). So it's known statically that the requested export doesn't exist.

Import traces:
  Client Component Browser:
    ./src/components/ranking/UserPredictionsModal.tsx [Client Component Browser]
    ./src/components/ranking/RankingView.tsx [Client Component Browser]
    ./src/app/page.tsx [Client Component Browser]
    ./src/app/page.tsx [Server Component]

  Client Component SSR:
    ./src/components/ranking/UserPredictionsModal.tsx [Client Component SSR]
    ./src/components/ranking/RankingView.tsx [Client Component SSR]
    ./src/app/page.tsx [Client Component SSR]
    ./src/app/page.tsx [Server Component] @ http://localhost:3000/_next/static/chunks/node_modules_next_dist_f3530cac._.js:3127
[  226552ms] [ERROR] ./src/components/bracket/KnockoutMatchCard.tsx:5:1
Export KNOCKOUT_POINTS doesn't exist in target module
  3 | import { KnockoutResult, LiveMatch } from '@/types';
  4 | import { teamsByCode } from '@/data/teams';
> 5 | import { KNOCKOUT_POINTS } from '@/lib/logic/scoring';
    | ^^^^^^^^^^^^^^^^^^^^^^^^^^^^^^^^^^^^^^^^^^^^^^^^^^^^^^
  6 | import { isPlaceholder, placeholderLabel } from '@/lib/logic/bracket';
  7 |
  8 | interface Props {

The export KNOCKOUT_POINTS was not found in module [project]/src/lib/logic/scoring.ts [app-client] (ecmascript).
Did you mean to import GROUP_POINTS?
All exports of the module are statically known (It doesn't have dynamic exports). So it's known statically that the requested export doesn't exist.

Import traces:
  Client Component Browser:
    ./src/components/bracket/KnockoutMatchCard.tsx [Client Component Browser]
    ./src/components/bracket/BracketView.tsx [Client Component Browser]
    ./src/app/page.tsx [Client Component Browser]
    ./src/app/page.tsx [Server Component]

  Client Component SSR:
    ./src/components/bracket/KnockoutMatchCard.tsx [Client Component SSR]
    ./src/components/bracket/BracketView.tsx [Client Component SSR]
    ./src/app/page.tsx [Client Component SSR]
    ./src/app/page.tsx [Server Component] @ http://localhost:3000/_next/static/chunks/node_modules_next_dist_f3530cac._.js:3127
[  226552ms] [ERROR] ./src/components/bracket/KnockoutMatchCard.tsx:5:1
Export KNOCKOUT_POINTS doesn't exist in target module
  3 | import { KnockoutResult, LiveMatch } from '@/types';
  4 | import { teamsByCode } from '@/data/teams';
> 5 | import { KNOCKOUT_POINTS } from '@/lib/logic/scoring';
    | ^^^^^^^^^^^^^^^^^^^^^^^^^^^^^^^^^^^^^^^^^^^^^^^^^^^^^^
  6 | import { isPlaceholder, placeholderLabel } from '@/lib/logic/bracket';
  7 |
  8 | interface Props {

The export KNOCKOUT_POINTS was not found in module [project]/src/lib/logic/scoring.ts [app-ssr] (ecmascript).
Did you mean to import GROUP_POINTS?
All exports of the module are statically known (It doesn't have dynamic exports). So it's known statically that the requested export doesn't exist.

Import traces:
  Client Component Browser:
    ./src/components/bracket/KnockoutMatchCard.tsx [Client Component Browser]
    ./src/components/bracket/BracketView.tsx [Client Component Browser]
    ./src/app/page.tsx [Client Component Browser]
    ./src/app/page.tsx [Server Component]

  Client Component SSR:
    ./src/components/bracket/KnockoutMatchCard.tsx [Client Component SSR]
    ./src/components/bracket/BracketView.tsx [Client Component SSR]
    ./src/app/page.tsx [Client Component SSR]
    ./src/app/page.tsx [Server Component] @ http://localhost:3000/_next/static/chunks/node_modules_next_dist_f3530cac._.js:3127
[  226552ms] [ERROR] ./src/components/ranking/UserPredictionsModal.tsx:8:1
Export KNOCKOUT_POINTS doesn't exist in target module
   6 | import { allGroupMatches } from '@/data/matches';
   7 | import { generateBracket } from '@/lib/logic/bracket';
>  8 | import { KNOCKOUT_POINTS, GROUP_POINTS, CHAMPION_POINTS } from '@/lib/logic/scoring';
     | ^^^^^^^^^^^^^^^^^^^^^^^^^^^^^^^^^^^^^^^^^^^^^^^^^^^^^^^^^^^^^^^^^^^^^^^^^^^^^^^^^^^^^
   9 | import type { KnockoutRound } from '@/types';
  10 |
  11 | interface Props {

The export KNOCKOUT_POINTS was not found in module [project]/src/lib/logic/scoring.ts [app-client] (ecmascript).
Did you mean to import GROUP_POINTS?
All exports of the module are statically known (It doesn't have dynamic exports). So it's known statically that the requested export doesn't exist.

Import traces:
  Client Component Browser:
    ./src/components/ranking/UserPredictionsModal.tsx [Client Component Browser]
    ./src/components/ranking/RankingView.tsx [Client Component Browser]
    ./src/app/page.tsx [Client Component Browser]
    ./src/app/page.tsx [Server Component]

  Client Component SSR:
    ./src/components/ranking/UserPredictionsModal.tsx [Client Component SSR]
    ./src/components/ranking/RankingView.tsx [Client Component SSR]
    ./src/app/page.tsx [Client Component SSR]
    ./src/app/page.tsx [Server Component] @ http://localhost:3000/_next/static/chunks/node_modules_next_dist_f3530cac._.js:3127
[  226552ms] [ERROR] ./src/components/ranking/UserPredictionsModal.tsx:8:1
Export KNOCKOUT_POINTS doesn't exist in target module
   6 | import { allGroupMatches } from '@/data/matches';
   7 | import { generateBracket } from '@/lib/logic/bracket';
>  8 | import { KNOCKOUT_POINTS, GROUP_POINTS, CHAMPION_POINTS } from '@/lib/logic/scoring';
     | ^^^^^^^^^^^^^^^^^^^^^^^^^^^^^^^^^^^^^^^^^^^^^^^^^^^^^^^^^^^^^^^^^^^^^^^^^^^^^^^^^^^^^
   9 | import type { KnockoutRound } from '@/types';
  10 |
  11 | interface Props {

The export KNOCKOUT_POINTS was not found in module [project]/src/lib/logic/scoring.ts [app-ssr] (ecmascript).
Did you mean to import GROUP_POINTS?
All exports of the module are statically known (It doesn't have dynamic exports). So it's known statically that the requested export doesn't exist.

Import traces:
  Client Component Browser:
    ./src/components/ranking/UserPredictionsModal.tsx [Client Component Browser]
    ./src/components/ranking/RankingView.tsx [Client Component Browser]
    ./src/app/page.tsx [Client Component Browser]
    ./src/app/page.tsx [Server Component]

  Client Component SSR:
    ./src/components/ranking/UserPredictionsModal.tsx [Client Component SSR]
    ./src/components/ranking/RankingView.tsx [Client Component SSR]
    ./src/app/page.tsx [Client Component SSR]
    ./src/app/page.tsx [Server Component] @ http://localhost:3000/_next/static/chunks/node_modules_next_dist_f3530cac._.js:3127
[  226589ms] [LOG] [Fast Refresh] rebuilding @ http://localhost:3000/_next/static/chunks/node_modules_next_dist_f3530cac._.js:2297
[  231011ms] [ERROR] ./src/components/ranking/UserPredictionsModal.tsx:8:1
Export CHAMPION_POINTS doesn't exist in target module
   6 | import { allGroupMatches } from '@/data/matches';
   7 | import { generateBracket } from '@/lib/logic/bracket';
>  8 | import { KNOCKOUT_POINTS, GROUP_POINTS, CHAMPION_POINTS } from '@/lib/logic/scoring';
     | ^^^^^^^^^^^^^^^^^^^^^^^^^^^^^^^^^^^^^^^^^^^^^^^^^^^^^^^^^^^^^^^^^^^^^^^^^^^^^^^^^^^^^
   9 | import type { KnockoutRound } from '@/types';
  10 |
  11 | interface Props {

The export CHAMPION_POINTS was not found in module [project]/src/lib/logic/scoring.ts [app-client] (ecmascript).
Did you mean to import WINNER_POINTS?
All exports of the module are statically known (It doesn't have dynamic exports). So it's known statically that the requested export doesn't exist.

Import traces:
  Client Component Browser:
    ./src/components/ranking/UserPredictionsModal.tsx [Client Component Browser]
    ./src/components/ranking/RankingView.tsx [Client Component Browser]
    ./src/app/page.tsx [Client Component Browser]
    ./src/app/page.tsx [Server Component]

  Client Component SSR:
    ./src/components/ranking/UserPredictionsModal.tsx [Client Component SSR]
    ./src/components/ranking/RankingView.tsx [Client Component SSR]
    ./src/app/page.tsx [Client Component SSR]
    ./src/app/page.tsx [Server Component] @ http://localhost:3000/_next/static/chunks/node_modules_next_dist_f3530cac._.js:3127
[  231011ms] [ERROR] ./src/components/ranking/UserPredictionsModal.tsx:8:1
Export CHAMPION_POINTS doesn't exist in target module
   6 | import { allGroupMatches } from '@/data/matches';
   7 | import { generateBracket } from '@/lib/logic/bracket';
>  8 | import { KNOCKOUT_POINTS, GROUP_POINTS, CHAMPION_POINTS } from '@/lib/logic/scoring';
     | ^^^^^^^^^^^^^^^^^^^^^^^^^^^^^^^^^^^^^^^^^^^^^^^^^^^^^^^^^^^^^^^^^^^^^^^^^^^^^^^^^^^^^
   9 | import type { KnockoutRound } from '@/types';
  10 |
  11 | interface Props {

The export CHAMPION_POINTS was not found in module [project]/src/lib/logic/scoring.ts [app-ssr] (ecmascript).
Did you mean to import WINNER_POINTS?
All exports of the module are statically known (It doesn't have dynamic exports). So it's known statically that the requested export doesn't exist.

Import traces:
  Client Component Browser:
    ./src/components/ranking/UserPredictionsModal.tsx [Client Component Browser]
    ./src/components/ranking/RankingView.tsx [Client Component Browser]
    ./src/app/page.tsx [Client Component Browser]
    ./src/app/page.tsx [Server Component]

  Client Component SSR:
    ./src/components/ranking/UserPredictionsModal.tsx [Client Component SSR]
    ./src/components/ranking/RankingView.tsx [Client Component SSR]
    ./src/app/page.tsx [Client Component SSR]
    ./src/app/page.tsx [Server Component] @ http://localhost:3000/_next/static/chunks/node_modules_next_dist_f3530cac._.js:3127
[  231011ms] [ERROR] ./src/components/bracket/KnockoutMatchCard.tsx:5:1
Export KNOCKOUT_POINTS doesn't exist in target module
  3 | import { KnockoutResult, LiveMatch } from '@/types';
  4 | import { teamsByCode } from '@/data/teams';
> 5 | import { KNOCKOUT_POINTS } from '@/lib/logic/scoring';
    | ^^^^^^^^^^^^^^^^^^^^^^^^^^^^^^^^^^^^^^^^^^^^^^^^^^^^^^
  6 | import { isPlaceholder, placeholderLabel } from '@/lib/logic/bracket';
  7 |
  8 | interface Props {

The export KNOCKOUT_POINTS was not found in module [project]/src/lib/logic/scoring.ts [app-client] (ecmascript).
Did you mean to import GROUP_POINTS?
All exports of the module are statically known (It doesn't have dynamic exports). So it's known statically that the requested export doesn't exist.

Import traces:
  Client Component Browser:
    ./src/components/bracket/KnockoutMatchCard.tsx [Client Component Browser]
    ./src/components/bracket/BracketView.tsx [Client Component Browser]
    ./src/app/page.tsx [Client Component Browser]
    ./src/app/page.tsx [Server Component]

  Client Component SSR:
    ./src/components/bracket/KnockoutMatchCard.tsx [Client Component SSR]
    ./src/components/bracket/BracketView.tsx [Client Component SSR]
    ./src/app/page.tsx [Client Component SSR]
    ./src/app/page.tsx [Server Component] @ http://localhost:3000/_next/static/chunks/node_modules_next_dist_f3530cac._.js:3127
[  231011ms] [ERROR] ./src/components/bracket/KnockoutMatchCard.tsx:5:1
Export KNOCKOUT_POINTS doesn't exist in target module
  3 | import { KnockoutResult, LiveMatch } from '@/types';
  4 | import { teamsByCode } from '@/data/teams';
> 5 | import { KNOCKOUT_POINTS } from '@/lib/logic/scoring';
    | ^^^^^^^^^^^^^^^^^^^^^^^^^^^^^^^^^^^^^^^^^^^^^^^^^^^^^^
  6 | import { isPlaceholder, placeholderLabel } from '@/lib/logic/bracket';
  7 |
  8 | interface Props {

The export KNOCKOUT_POINTS was not found in module [project]/src/lib/logic/scoring.ts [app-ssr] (ecmascript).
Did you mean to import GROUP_POINTS?
All exports of the module are statically known (It doesn't have dynamic exports). So it's known statically that the requested export doesn't exist.

Import traces:
  Client Component Browser:
    ./src/components/bracket/KnockoutMatchCard.tsx [Client Component Browser]
    ./src/components/bracket/BracketView.tsx [Client Component Browser]
    ./src/app/page.tsx [Client Component Browser]
    ./src/app/page.tsx [Server Component]

  Client Component SSR:
    ./src/components/bracket/KnockoutMatchCard.tsx [Client Component SSR]
    ./src/components/bracket/BracketView.tsx [Client Component SSR]
    ./src/app/page.tsx [Client Component SSR]
    ./src/app/page.tsx [Server Component] @ http://localhost:3000/_next/static/chunks/node_modules_next_dist_f3530cac._.js:3127
[  231011ms] [ERROR] ./src/components/ranking/UserPredictionsModal.tsx:8:1
Export KNOCKOUT_POINTS doesn't exist in target module
   6 | import { allGroupMatches } from '@/data/matches';
   7 | import { generateBracket } from '@/lib/logic/bracket';
>  8 | import { KNOCKOUT_POINTS, GROUP_POINTS, CHAMPION_POINTS } from '@/lib/logic/scoring';
     | ^^^^^^^^^^^^^^^^^^^^^^^^^^^^^^^^^^^^^^^^^^^^^^^^^^^^^^^^^^^^^^^^^^^^^^^^^^^^^^^^^^^^^
   9 | import type { KnockoutRound } from '@/types';
  10 |
  11 | interface Props {

The export KNOCKOUT_POINTS was not found in module [project]/src/lib/logic/scoring.ts [app-client] (ecmascript).
Did you mean to import GROUP_POINTS?
All exports of the module are statically known (It doesn't have dynamic exports). So it's known statically that the requested export doesn't exist.

Import traces:
  Client Component Browser:
    ./src/components/ranking/UserPredictionsModal.tsx [Client Component Browser]
    ./src/components/ranking/RankingView.tsx [Client Component Browser]
    ./src/app/page.tsx [Client Component Browser]
    ./src/app/page.tsx [Server Component]

  Client Component SSR:
    ./src/components/ranking/UserPredictionsModal.tsx [Client Component SSR]
    ./src/components/ranking/RankingView.tsx [Client Component SSR]
    ./src/app/page.tsx [Client Component SSR]
    ./src/app/page.tsx [Server Component] @ http://localhost:3000/_next/static/chunks/node_modules_next_dist_f3530cac._.js:3127
[  231011ms] [ERROR] ./src/components/ranking/UserPredictionsModal.tsx:8:1
Export KNOCKOUT_POINTS doesn't exist in target module
   6 | import { allGroupMatches } from '@/data/matches';
   7 | import { generateBracket } from '@/lib/logic/bracket';
>  8 | import { KNOCKOUT_POINTS, GROUP_POINTS, CHAMPION_POINTS } from '@/lib/logic/scoring';
     | ^^^^^^^^^^^^^^^^^^^^^^^^^^^^^^^^^^^^^^^^^^^^^^^^^^^^^^^^^^^^^^^^^^^^^^^^^^^^^^^^^^^^^
   9 | import type { KnockoutRound } from '@/types';
  10 |
  11 | interface Props {

The export KNOCKOUT_POINTS was not found in module [project]/src/lib/logic/scoring.ts [app-ssr] (ecmascript).
Did you mean to import GROUP_POINTS?
All exports of the module are statically known (It doesn't have dynamic exports). So it's known statically that the requested export doesn't exist.

Import traces:
  Client Component Browser:
    ./src/components/ranking/UserPredictionsModal.tsx [Client Component Browser]
    ./src/components/ranking/RankingView.tsx [Client Component Browser]
    ./src/app/page.tsx [Client Component Browser]
    ./src/app/page.tsx [Server Component]

  Client Component SSR:
    ./src/components/ranking/UserPredictionsModal.tsx [Client Component SSR]
    ./src/components/ranking/RankingView.tsx [Client Component SSR]
    ./src/app/page.tsx [Client Component SSR]
    ./src/app/page.tsx [Server Component] @ http://localhost:3000/_next/static/chunks/node_modules_next_dist_f3530cac._.js:3127
[  231052ms] [LOG] [Fast Refresh] rebuilding @ http://localhost:3000/_next/static/chunks/node_modules_next_dist_f3530cac._.js:2297
[  262319ms] [ERROR] ./src/components/ranking/UserPredictionsModal.tsx:8:1
Export CHAMPION_POINTS doesn't exist in target module
   6 | import { allGroupMatches } from '@/data/matches';
   7 | import { generateBracket } from '@/lib/logic/bracket';
>  8 | import { KNOCKOUT_POINTS, GROUP_POINTS, CHAMPION_POINTS } from '@/lib/logic/scoring';
     | ^^^^^^^^^^^^^^^^^^^^^^^^^^^^^^^^^^^^^^^^^^^^^^^^^^^^^^^^^^^^^^^^^^^^^^^^^^^^^^^^^^^^^
   9 | import type { KnockoutRound } from '@/types';
  10 |
  11 | interface Props {

The export CHAMPION_POINTS was not found in module [project]/src/lib/logic/scoring.ts [app-client] (ecmascript).
Did you mean to import WINNER_POINTS?
All exports of the module are statically known (It doesn't have dynamic exports). So it's known statically that the requested export doesn't exist.

Import traces:
  Client Component Browser:
    ./src/components/ranking/UserPredictionsModal.tsx [Client Component Browser]
    ./src/components/ranking/RankingView.tsx [Client Component Browser]
    ./src/app/page.tsx [Client Component Browser]
    ./src/app/page.tsx [Server Component]

  Client Component SSR:
    ./src/components/ranking/UserPredictionsModal.tsx [Client Component SSR]
    ./src/components/ranking/RankingView.tsx [Client Component SSR]
    ./src/app/page.tsx [Client Component SSR]
    ./src/app/page.tsx [Server Component] @ http://localhost:3000/_next/static/chunks/node_modules_next_dist_f3530cac._.js:3127
[  262320ms] [ERROR] ./src/components/ranking/UserPredictionsModal.tsx:8:1
Export CHAMPION_POINTS doesn't exist in target module
   6 | import { allGroupMatches } from '@/data/matches';
   7 | import { generateBracket } from '@/lib/logic/bracket';
>  8 | import { KNOCKOUT_POINTS, GROUP_POINTS, CHAMPION_POINTS } from '@/lib/logic/scoring';
     | ^^^^^^^^^^^^^^^^^^^^^^^^^^^^^^^^^^^^^^^^^^^^^^^^^^^^^^^^^^^^^^^^^^^^^^^^^^^^^^^^^^^^^
   9 | import type { KnockoutRound } from '@/types';
  10 |
  11 | interface Props {

The export CHAMPION_POINTS was not found in module [project]/src/lib/logic/scoring.ts [app-ssr] (ecmascript).
Did you mean to import WINNER_POINTS?
All exports of the module are statically known (It doesn't have dynamic exports). So it's known statically that the requested export doesn't exist.

Import traces:
  Client Component Browser:
    ./src/components/ranking/UserPredictionsModal.tsx [Client Component Browser]
    ./src/components/ranking/RankingView.tsx [Client Component Browser]
    ./src/app/page.tsx [Client Component Browser]
    ./src/app/page.tsx [Server Component]

  Client Component SSR:
    ./src/components/ranking/UserPredictionsModal.tsx [Client Component SSR]
    ./src/components/ranking/RankingView.tsx [Client Component SSR]
    ./src/app/page.tsx [Client Component SSR]
    ./src/app/page.tsx [Server Component] @ http://localhost:3000/_next/static/chunks/node_modules_next_dist_f3530cac._.js:3127
[  262320ms] [ERROR] ./src/components/bracket/KnockoutMatchCard.tsx:5:1
Export KNOCKOUT_POINTS doesn't exist in target module
  3 | import { KnockoutResult, LiveMatch } from '@/types';
  4 | import { teamsByCode } from '@/data/teams';
> 5 | import { KNOCKOUT_POINTS } from '@/lib/logic/scoring';
    | ^^^^^^^^^^^^^^^^^^^^^^^^^^^^^^^^^^^^^^^^^^^^^^^^^^^^^^
  6 | import { isPlaceholder, placeholderLabel } from '@/lib/logic/bracket';
  7 |
  8 | interface Props {

The export KNOCKOUT_POINTS was not found in module [project]/src/lib/logic/scoring.ts [app-client] (ecmascript).
Did you mean to import GROUP_POINTS?
All exports of the module are statically known (It doesn't have dynamic exports). So it's known statically that the requested export doesn't exist.

Import traces:
  Client Component Browser:
    ./src/components/bracket/KnockoutMatchCard.tsx [Client Component Browser]
    ./src/components/bracket/BracketView.tsx [Client Component Browser]
    ./src/app/page.tsx [Client Component Browser]
    ./src/app/page.tsx [Server Component]

  Client Component SSR:
    ./src/components/bracket/KnockoutMatchCard.tsx [Client Component SSR]
    ./src/components/bracket/BracketView.tsx [Client Component SSR]
    ./src/app/page.tsx [Client Component SSR]
    ./src/app/page.tsx [Server Component] @ http://localhost:3000/_next/static/chunks/node_modules_next_dist_f3530cac._.js:3127
[  262320ms] [ERROR] ./src/components/bracket/KnockoutMatchCard.tsx:5:1
Export KNOCKOUT_POINTS doesn't exist in target module
  3 | import { KnockoutResult, LiveMatch } from '@/types';
  4 | import { teamsByCode } from '@/data/teams';
> 5 | import { KNOCKOUT_POINTS } from '@/lib/logic/scoring';
    | ^^^^^^^^^^^^^^^^^^^^^^^^^^^^^^^^^^^^^^^^^^^^^^^^^^^^^^
  6 | import { isPlaceholder, placeholderLabel } from '@/lib/logic/bracket';
  7 |
  8 | interface Props {

The export KNOCKOUT_POINTS was not found in module [project]/src/lib/logic/scoring.ts [app-ssr] (ecmascript).
Did you mean to import GROUP_POINTS?
All exports of the module are statically known (It doesn't have dynamic exports). So it's known statically that the requested export doesn't exist.

Import traces:
  Client Component Browser:
    ./src/components/bracket/KnockoutMatchCard.tsx [Client Component Browser]
    ./src/components/bracket/BracketView.tsx [Client Component Browser]
    ./src/app/page.tsx [Client Component Browser]
    ./src/app/page.tsx [Server Component]

  Client Component SSR:
    ./src/components/bracket/KnockoutMatchCard.tsx [Client Component SSR]
    ./src/components/bracket/BracketView.tsx [Client Component SSR]
    ./src/app/page.tsx [Client Component SSR]
    ./src/app/page.tsx [Server Component] @ http://localhost:3000/_next/static/chunks/node_modules_next_dist_f3530cac._.js:3127
[  262320ms] [ERROR] ./src/components/ranking/UserPredictionsModal.tsx:8:1
Export KNOCKOUT_POINTS doesn't exist in target module
   6 | import { allGroupMatches } from '@/data/matches';
   7 | import { generateBracket } from '@/lib/logic/bracket';
>  8 | import { KNOCKOUT_POINTS, GROUP_POINTS, CHAMPION_POINTS } from '@/lib/logic/scoring';
     | ^^^^^^^^^^^^^^^^^^^^^^^^^^^^^^^^^^^^^^^^^^^^^^^^^^^^^^^^^^^^^^^^^^^^^^^^^^^^^^^^^^^^^
   9 | import type { KnockoutRound } from '@/types';
  10 |
  11 | interface Props {

The export KNOCKOUT_POINTS was not found in module [project]/src/lib/logic/scoring.ts [app-client] (ecmascript).
Did you mean to import GROUP_POINTS?
All exports of the module are statically known (It doesn't have dynamic exports). So it's known statically that the requested export doesn't exist.

Import traces:
  Client Component Browser:
    ./src/components/ranking/UserPredictionsModal.tsx [Client Component Browser]
    ./src/components/ranking/RankingView.tsx [Client Component Browser]
    ./src/app/page.tsx [Client Component Browser]
    ./src/app/page.tsx [Server Component]

  Client Component SSR:
    ./src/components/ranking/UserPredictionsModal.tsx [Client Component SSR]
    ./src/components/ranking/RankingView.tsx [Client Component SSR]
    ./src/app/page.tsx [Client Component SSR]
    ./src/app/page.tsx [Server Component] @ http://localhost:3000/_next/static/chunks/node_modules_next_dist_f3530cac._.js:3127
[  262320ms] [ERROR] ./src/components/ranking/UserPredictionsModal.tsx:8:1
Export KNOCKOUT_POINTS doesn't exist in target module
   6 | import { allGroupMatches } from '@/data/matches';
   7 | import { generateBracket } from '@/lib/logic/bracket';
>  8 | import { KNOCKOUT_POINTS, GROUP_POINTS, CHAMPION_POINTS } from '@/lib/logic/scoring';
     | ^^^^^^^^^^^^^^^^^^^^^^^^^^^^^^^^^^^^^^^^^^^^^^^^^^^^^^^^^^^^^^^^^^^^^^^^^^^^^^^^^^^^^
   9 | import type { KnockoutRound } from '@/types';
  10 |
  11 | interface Props {

The export KNOCKOUT_POINTS was not found in module [project]/src/lib/logic/scoring.ts [app-ssr] (ecmascript).
Did you mean to import GROUP_POINTS?
All exports of the module are statically known (It doesn't have dynamic exports). So it's known statically that the requested export doesn't exist.

Import traces:
  Client Component Browser:
    ./src/components/ranking/UserPredictionsModal.tsx [Client Component Browser]
    ./src/components/ranking/RankingView.tsx [Client Component Browser]
    ./src/app/page.tsx [Client Component Browser]
    ./src/app/page.tsx [Server Component]

  Client Component SSR:
    ./src/components/ranking/UserPredictionsModal.tsx [Client Component SSR]
    ./src/components/ranking/RankingView.tsx [Client Component SSR]
    ./src/app/page.tsx [Client Component SSR]
    ./src/app/page.tsx [Server Component] @ http://localhost:3000/_next/static/chunks/node_modules_next_dist_f3530cac._.js:3127
[  262363ms] [LOG] [Fast Refresh] rebuilding @ http://localhost:3000/_next/static/chunks/node_modules_next_dist_f3530cac._.js:2297
